url,label_score_acessibilidade,imagens_sem_alt,pct_links_genericos,lang_presente,erros_hierarquia,inputs_sem_label,aria_presente,videos_sem_captions,falhas_contraste,layout_json
https://google.com,85,10,0.0,1,0,2,1,0,0,"{""header_presente"": 1, ""form_campos"": 9}"
https://microsoft.com,95,2,0.0,1,0,1,1,0,0,"{""header_presente"": 1, ""nav_itens"": 9, ""main_presente"": 1, ""footer_presente"": 1, ""form_campos"": 1}"
https://youtube.com,90,0,0.0,1,0,1,0,0,0,"{""nav_itens"": 0}"
https://dzen.ru,45,0,0.0,0,0,0,0,0,0,{}
https://apple.com,90,0,0.0,1,0,1,1,0,1,"{""header_presente"": 1, ""nav_itens"": 14, ""main_presente"": 1, ""footer_presente"": 1, ""form_campos"": 5}"
https://instagram.com,80,2,0.0,1,0,0,0,0,1,{}
https://linkedin.com,90,5,0.0,1,0,0,1,0,0,"{""header_presente"": 1, ""nav_itens"": 9, ""main_presente"": 1, ""footer_presente"": 1, ""form_campos"": 2}"
https://workers.dev,90,0,0.0,1,7,0,1,0,18,"{""header_presente"": 1, ""nav_itens"": 3, ""main_presente"": 1, ""footer_presente"": 1}"
https://doubleclick.net,90,0,0.0,1,0,0,1,0,0,"{""header_presente"": 1, ""nav_itens"": 4, ""main_presente"": 1, ""footer_presente"": 1, ""carousel_imagens"": 0, ""carousel_sem_alt"": 0}"
https://wikipedia.org,100,1,0.0,1,0,11,1,0,0,"{""header_presente"": 1, ""nav_itens"": 10, ""main_presente"": 1, ""footer_presente"": 1, ""form_campos"": 4}"
https://bing.com,65,0,0.0,1,0,0,1,0,0,{}
https://github.com,95,19,0.0,1,0,1,1,2,0,"{""header_presente"": 1, ""nav_itens"": 53, ""main_presente"": 1, ""footer_presente"": 1, ""form_campos"": 1}"
https://wordpress.org,100,5,0.0,1,0,0,1,0,0,"{""header_presente"": 1, ""nav_itens"": 23, ""main_presente"": 1, ""footer_presente"": 1, ""form_campos"": 1}"
https://digicert.com,55,1,0.0,1,10,1,1,1,9,"{""header_presente"": 1, ""nav_itens"": 34, ""main_presente"": 1, ""footer_presente"": 1, ""carousel_imagens"": 2, ""carousel_sem_alt"": 1, ""form_campos"": 1}"
https://pinterest.com,90,0,0.0,1,0,0,0,0,0,{}
https://yahoo.com,70,1,0.0,1,0,1,1,0,0,"{""nav_itens"": 5, ""footer_presente"": 1, ""form_campos"": 5}"
https://ntp.org,50,5,0.0,1,0,0,1,0,10,"{""header_presente"": 1, ""nav_itens"": 6}"
https://skype.com,100,33,0.0,1,0,0,0,1,0,"{""header_presente"": 1, ""main_presente"": 1, ""footer_presente"": 1, ""form_campos"": 2}"
https://gandi.net,80,8,0.0,1,2,2,1,0,0,"{""header_presente"": 1, ""nav_itens"": 24, ""main_presente"": 1, ""footer_presente"": 1, ""form_campos"": 1}"
https://vimeo.com,85,16,0.0,1,1,1,1,25,0,"{""header_presente"": 1, ""nav_itens"": 20, ""main_presente"": 1, ""footer_presente"": 1, ""carousel_imagens"": 0, ""carousel_sem_alt"": 0}"
https://tiktok.com,75,0,0.0,1,0,1,1,0,3,{}
https://zoom.us,65,58,0.0,1,1,0,1,0,3,"{""header_presente"": 1, ""nav_itens"": 107, ""main_presente"": 1, ""footer_presente"": 1, ""carousel_imagens"": 0, ""carousel_sem_alt"": 0}"
https://office365.com,90,2,0.0,1,0,1,1,0,0,"{""header_presente"": 1, ""nav_itens"": 9, ""main_presente"": 1, ""footer_presente"": 1, ""form_campos"": 1}"
https://yandex.net,80,1,0.0,1,0,1,1,0,4,"{""main_presente"": 1, ""form_campos"": 5}"
https://wordpress.com,85,6,0.0,1,0,2,1,0,0,"{""nav_itens"": 4, ""main_presente"": 1, ""footer_presente"": 1, ""form_campos"": 2}"
https://baidu.com,65,28,0.0,0,0,5,0,0,2,"{""nav_itens"": 2, ""main_presente"": 1, ""form_campos"": 15}"
https://nginx.org,80,0,0.0,0,1,0,0,0,0,"{""nav_itens"": 17, ""main_presente"": 1}"
https://cloudflare-dns.com,70,0,0.0,1,0,0,1,0,6,"{""header_presente"": 1, ""nav_itens"": 22, ""main_presente"": 1}"
https://reddit.com,60,3,0.0,1,0,1,1,0,0,"{""header_presente"": 1, ""nav_itens"": 2, ""main_presente"": 1, ""form_campos"": 1}"
https://windows.com,95,1,0.0,1,0,1,1,0,0,"{""header_presente"": 1, ""nav_itens"": 35, ""main_presente"": 1, ""footer_presente"": 1, ""form_campos"": 1}"
https://unity3d.com,85,2,0.0,1,0,1,1,0,0,"{""nav_itens"": 0, ""main_presente"": 1, ""footer_presente"": 1}"
https://ui.com,70,1,0.0,1,0,0,0,0,27,{}
https://t.me,55,11,0.0,0,1,0,0,2,34,"{""nav_itens"": 20, ""main_presente"": 1, ""footer_presente"": 1}"
https://criteo.com,50,49,0.0,1,0,0,1,0,0,"{""header_presente"": 1, ""nav_itens"": 52, ""main_presente"": 1, ""footer_presente"": 1, ""carousel_imagens"": 0, ""carousel_sem_alt"": 0, ""form_campos"": 2}"
https://snapchat.com,90,0,0.0,1,0,2,0,0,0,"{""header_presente"": 1, ""nav_itens"": 40, ""main_presente"": 1, ""footer_presente"": 1}"
https://europa.eu,95,0,0.0,1,0,0,0,0,0,"{""main_presente"": 1}"
https://dns.google,80,0,0.0,1,0,1,0,0,1,"{""footer_presente"": 1, ""form_campos"": 1}"
https://apache.org,90,0,0.0,1,2,0,1,0,0,"{""header_presente"": 1, ""nav_itens"": 49, ""main_presente"": 1, ""footer_presente"": 1}"
https://github.io,95,0,0.0,1,2,0,0,0,0,"{""header_presente"": 1, ""footer_presente"": 1}"
https://adriver.ru,65,3,0.0,1,0,1,1,0,0,"{""header_presente"": 1, ""nav_itens"": 8, ""main_presente"": 1, ""footer_presente"": 1, ""form_campos"": 2}"
https://gravatar.com,75,11,0.0,1,1,0,1,4,1,"{""header_presente"": 1, ""nav_itens"": 11, ""footer_presente"": 1}"
https://paypal.com,75,1,0.0,1,0,0,1,0,1,"{""header_presente"": 1, ""nav_itens"": 48, ""main_presente"": 1, ""footer_presente"": 1, ""carousel_imagens"": 0, ""carousel_sem_alt"": 0}"
https://dropbox.com,95,4,0.0,1,0,0,1,0,0,"{""nav_itens"": 63, ""main_presente"": 1, ""footer_presente"": 1}"
https://tumblr.com,35,0,0.0,1,0,1,1,0,5,"{""nav_itens"": 3, ""main_presente"": 1, ""footer_presente"": 1, ""form_campos"": 1}"
https://yandex.ru,45,0,0.0,0,0,0,0,0,0,{}
https://archive.org,80,0,0.0,1,0,0,0,0,0,{}
https://rubiconproject.com,90,41,0.847457627118644,1,0,4,1,0,0,"{""header_presente"": 1, ""nav_itens"": 53, ""main_presente"": 1, ""footer_presente"": 1, ""form_campos"": 5}"
https://nist.gov,80,2,0.0,1,0,0,1,0,0,"{""header_presente"": 1, ""nav_itens"": 90, ""main_presente"": 1, ""footer_presente"": 1, ""form_campos"": 1}"
https://b-cdn.net,75,1,0.0,1,3,0,1,1,6,"{""header_presente"": 1, ""nav_itens"": 85, ""main_presente"": 1, ""footer_presente"": 1}"
https://reg.ru,55,1,0.0,0,0,0,0,0,58,{}
https://nytimes.com,70,30,0.0,1,1,0,1,0,1,"{""header_presente"": 1, ""nav_itens"": 291, ""main_presente"": 1, ""footer_presente"": 1, ""carousel_imagens"": 0, ""carousel_sem_alt"": 0}"
https://flickr.com,65,16,0.0,1,0,7,1,0,17,"{""header_presente"": 1, ""nav_itens"": 11, ""main_presente"": 1, ""footer_presente"": 1, ""form_campos"": 2}"
https://shopify.com,95,41,0.0,1,0,0,1,1,0,"{""header_presente"": 1, ""nav_itens"": 51, ""main_presente"": 1, ""footer_presente"": 1, ""carousel_imagens"": 13, ""carousel_sem_alt"": 13}"
https://pubmatic.com,70,12,0.0,1,1,2,0,0,2,"{""header_presente"": 1, ""nav_itens"": 6, ""main_presente"": 1, ""footer_presente"": 1, ""carousel_imagens"": 11, ""carousel_sem_alt"": 0, ""form_campos"": 2}"
https://taboola.com,80,31,0.0,1,3,3,1,0,2,"{""header_presente"": 1, ""nav_itens"": 44, ""main_presente"": 1, ""footer_presente"": 1}"
https://adobe.io,80,1,0.0,1,0,0,1,0,2,"{""header_presente"": 1, ""nav_itens"": 12, ""main_presente"": 1, ""footer_presente"": 1}"
https://soundcloud.com,70,0,0.0,1,0,0,1,0,0,"{""header_presente"": 1}"
https://salesforce.com,85,156,1.4010507880910683,1,10,0,1,0,0,"{""header_presente"": 1, ""nav_itens"": 415, ""main_presente"": 1, ""footer_presente"": 1, ""carousel_imagens"": 0, ""carousel_sem_alt"": 0}"
https://w3.org,100,7,0.0,1,0,0,1,1,0,"{""header_presente"": 1, ""nav_itens"": 2, ""main_presente"": 1, ""footer_presente"": 1}"
https://android.com,90,8,0.0,1,1,0,1,4,0,"{""header_presente"": 1, ""nav_itens"": 17, ""main_presente"": 1, ""footer_presente"": 1, ""carousel_imagens"": 3, ""carousel_sem_alt"": 2, ""form_campos"": 1}"
https://t.co,70,0,0.0,0,0,0,0,0,11,"{""footer_presente"": 1}"
https://adtrafficquality.google,85,0,0.0,1,1,0,1,0,0,"{""header_presente"": 1, ""nav_itens"": 6, ""main_presente"": 1, ""footer_presente"": 1}"
https://theguardian.com,60,4,0.0,1,0,0,1,1,19,"{""header_presente"": 1, ""nav_itens"": 100, ""main_presente"": 1, ""footer_presente"": 1, ""carousel_imagens"": 7, ""carousel_sem_alt"": 0, ""form_campos"": 2}"
https://adsrvr.org,85,0,0.0,1,0,0,1,0,12,"{""header_presente"": 1, ""main_presente"": 1}"
https://vungle.com,75,28,0.0,1,2,1,1,6,40,"{""header_presente"": 1, ""nav_itens"": 80, ""main_presente"": 1, ""footer_presente"": 1, ""carousel_imagens"": 3, ""carousel_sem_alt"": 3, ""form_campos"": 2}"
https://myfritz.net,80,0,0.0,1,0,0,0,0,7,{}
https://example.com,90,0,0.0,1,0,0,0,0,0,{}
https://bbc.co.uk,85,6,0.0,1,1,0,1,0,34,"{""header_presente"": 1, ""nav_itens"": 34, ""main_presente"": 1, ""footer_presente"": 1}"
https://weather.com,80,0,0.0,1,0,0,1,0,0,"{""header_presente"": 1, ""nav_itens"": 8, ""main_presente"": 1, ""footer_presente"": 1, ""form_campos"": 1}"
https://bbc.com,85,65,0.0,1,0,1,1,0,34,"{""header_presente"": 1, ""nav_itens"": 12, ""main_presente"": 1, ""footer_presente"": 1}"
https://netangels.ru,75,1,0.0,1,0,4,0,0,12,"{""header_presente"": 1, ""nav_itens"": 3, ""main_presente"": 1, ""footer_presente"": 1, ""carousel_imagens"": 18, ""carousel_sem_alt"": 0, ""form_campos"": 5}"
https://roku.com,90,0,0.0,1,0,0,0,0,0,"{""header_presente"": 1, ""main_presente"": 1, ""footer_presente"": 1}"
https://scorecardresearch.com,70,3,0.0,1,0,0,0,0,3,"{""header_presente"": 1, ""nav_itens"": 7, ""form_campos"": 0}"
https://cpanel.net,75,0,0.0,1,0,0,1,0,2,"{""header_presente"": 1, ""nav_itens"": 25, ""main_presente"": 1, ""footer_presente"": 1, ""carousel_imagens"": 0, ""carousel_sem_alt"": 0}"
https://mit.edu,90,0,0.0,1,1,0,1,0,0,"{""nav_itens"": 19, ""main_presente"": 1, ""footer_presente"": 1, ""form_campos"": 2}"
https://ubuntu.com,75,13,0.0,1,1,2,1,0,0,"{""header_presente"": 1, ""nav_itens"": 6, ""main_presente"": 1, ""footer_presente"": 1, ""form_campos"": 2}"
https://doi.org,75,5,0.0,1,0,2,0,0,3,"{""header_presente"": 1, ""nav_itens"": 9, ""main_presente"": 1, ""footer_presente"": 1, ""form_campos"": 2}"
https://wikimedia.org,75,17,0.0,1,0,0,0,0,0,"{""header_presente"": 1}"
https://linktr.ee,70,35,0.0,1,1,2,1,1,0,"{""nav_itens"": 56, ""main_presente"": 1, ""footer_presente"": 1, ""carousel_imagens"": 0, ""carousel_sem_alt"": 0, ""form_campos"": 2}"
https://drom.ru,75,65,0.0,1,0,1,0,0,74,"{""footer_presente"": 1, ""form_campos"": 1}"
https://inmobi.com,75,0,0.0,1,1,0,0,0,3,"{""header_presente"": 1, ""carousel_imagens"": 0, ""carousel_sem_alt"": 0}"
https://mozilla.com,100,2,0.0,1,0,0,1,0,0,"{""header_presente"": 1, ""nav_itens"": 33, ""main_presente"": 1, ""footer_presente"": 1}"
https://moe.video,75,19,0.0,1,0,5,0,0,16,"{""header_presente"": 1, ""nav_itens"": 6, ""main_presente"": 1, ""footer_presente"": 1, ""form_campos"": 6}"
https://tinyurl.com,80,0,0.0,1,0,0,1,0,0,{}
https://launchpad.net,75,0,0.0,1,3,0,0,0,0,"{""main_presente"": 1, ""footer_presente"": 1, ""form_campos"": 1}"
https://dropcatch.com,90,0,0.0,1,0,0,0,0,0,{}
https://mikrotik.com,55,7,1.1111111111111112,1,0,0,1,0,12,"{""header_presente"": 1, ""nav_itens"": 11, ""footer_presente"": 1, ""form_campos"": 1}"
https://crashlytics.com,75,0,0.0,1,1,2,1,0,0,"{""header_presente"": 1, ""nav_itens"": 42, ""main_presente"": 1, ""footer_presente"": 1, ""carousel_imagens"": 0, ""carousel_sem_alt"": 0, ""form_campos"": 1}"
https://stripe.com,70,15,0.0,1,0,1,1,0,29,"{""header_presente"": 1, ""nav_itens"": 1, ""main_presente"": 1, ""footer_presente"": 1, ""carousel_imagens"": 8, ""carousel_sem_alt"": 8, ""form_campos"": 1}"
https://ampproject.org,75,0,0.0,1,14,1,1,0,0,"{""header_presente"": 1, ""nav_itens"": 24, ""main_presente"": 1, ""footer_presente"": 1}"
https://notamedia.ru,60,18,0.0,1,1,11,0,1,27,"{""header_presente"": 1, ""nav_itens"": 3, ""footer_presente"": 1, ""carousel_imagens"": 5, ""carousel_sem_alt"": 0, ""form_campos"": 8}"
https://www.gov.uk,95,4,0.0,1,0,0,1,0,0,"{""header_presente"": 1, ""nav_itens"": 25, ""main_presente"": 1, ""footer_presente"": 1, ""form_campos"": 1}"
https://avast.com,65,95,1.6326530612244898,1,3,0,1,0,0,"{""header_presente"": 1, ""nav_itens"": 5, ""main_presente"": 1, ""footer_presente"": 1, ""carousel_imagens"": 0, ""carousel_sem_alt"": 0}"
https://go.com,90,1,0.0,1,0,1,1,0,0,"{""nav_itens"": 22, ""main_presente"": 1, ""footer_presente"": 1}"
https://media.net,90,2,0.0,1,1,1,1,2,0,"{""nav_itens"": 6, ""main_presente"": 1, ""footer_presente"": 1, ""form_campos"": 2}"
https://steampowered.com,70,14,0.0,1,0,2,1,2,19,"{""header_presente"": 1, ""nav_itens"": 22, ""main_presente"": 1, ""footer_presente"": 1, ""carousel_imagens"": 0, ""carousel_sem_alt"": 0}"
https://pages.dev,95,0,0.0,1,0,1,1,0,0,"{""header_presente"": 1, ""nav_itens"": 5, ""main_presente"": 1, ""footer_presente"": 1, ""form_campos"": 1}"
https://debian.org,70,8,0.0,1,0,2,0,0,1,"{""header_presente"": 1, ""main_presente"": 1, ""footer_presente"": 1, ""carousel_imagens"": 6, ""carousel_sem_alt"": 0, ""form_campos"": 3}"
https://3lift.com,80,0,0.0,0,0,0,0,0,0,{}
https://tradingview.com,60,219,0.0,1,0,0,1,1,1,"{""header_presente"": 1, ""nav_itens"": 5, ""main_presente"": 1, ""footer_presente"": 1}"
https://issuu.com,90,8,0.0,1,0,2,1,0,0,"{""header_presente"": 1, ""nav_itens"": 70, ""footer_presente"": 1, ""form_campos"": 1}"
https://weebly.com,65,1,0.0,1,1,0,0,0,11,"{""nav_itens"": 21, ""main_presente"": 1, ""footer_presente"": 1}"
https://sharethrough.com,65,37,0.0,0,1,9,1,7,7,"{""nav_itens"": 38, ""footer_presente"": 1, ""carousel_imagens"": 0, ""carousel_sem_alt"": 0, ""form_campos"": 12}"
https://php.net,85,1,0.0,1,0,1,1,0,0,"{""header_presente"": 1, ""nav_itens"": 8, ""main_presente"": 1, ""footer_presente"": 1, ""form_campos"": 2}"
https://nature.com,95,25,0.0,1,0,0,1,0,0,"{""header_presente"": 1, ""nav_itens"": 17, ""main_presente"": 1, ""footer_presente"": 1, ""form_campos"": 9}"
https://weibo.com,65,0,0.0,0,0,0,0,0,76,{}
https://ok.ru,80,17,0.0,1,0,1,1,0,1,"{""main_presente"": 1, ""footer_presente"": 1, ""form_campos"": 2}"
https://smartadserver.com,65,119,0.0,1,0,1,1,6,15,"{""header_presente"": 1, ""nav_itens"": 55, ""main_presente"": 1, ""footer_presente"": 1, ""carousel_imagens"": 20, ""carousel_sem_alt"": 20, ""form_campos"": 2}"
https://booking.com,50,0,0.0,1,0,0,0,0,0,{}
https://cdc.gov,60,3,0.0,1,0,3,1,0,0,"{""header_presente"": 1, ""nav_itens"": 6, ""main_presente"": 1, ""footer_presente"": 1, ""carousel_imagens"": 3, ""carousel_sem_alt"": 0, ""form_campos"": 1}"
https://forter.com,85,184,0.0,1,0,1,1,0,0,"{""header_presente"": 1, ""nav_itens"": 36, ""main_presente"": 1, ""footer_presente"": 1, ""carousel_imagens"": 10, ""carousel_sem_alt"": 6}"
https://opendns.com,90,0,0.0,1,0,0,0,0,0,"{""header_presente"": 1, ""nav_itens"": 4, ""main_presente"": 1, ""footer_presente"": 1}"
https://springer.com,80,1,0.0,1,1,0,1,0,0,"{""header_presente"": 1, ""nav_itens"": 3, ""main_presente"": 1, ""footer_presente"": 1}"
https://cloudns.net,65,1,0.0,1,0,2,0,0,26,"{""header_presente"": 1, ""nav_itens"": 47, ""main_presente"": 1, ""footer_presente"": 1, ""carousel_imagens"": 33, ""carousel_sem_alt"": 0, ""form_campos"": 2}"
https://id5-sync.com,80,0,0.0,0,0,0,0,0,0,{}
https://dailymotion.com,85,0,0.0,1,0,0,0,0,0,{}
https://consultant.ru,70,3,0.0,1,0,1,1,0,1,"{""header_presente"": 1, ""nav_itens"": 7, ""main_presente"": 1, ""footer_presente"": 1, ""form_campos"": 2}"
https://checkpoint.com,70,1,0.0,1,1,0,1,0,0,"{""header_presente"": 1, ""nav_itens"": 135, ""main_presente"": 1, ""footer_presente"": 1, ""carousel_imagens"": 3, ""carousel_sem_alt"": 1, ""form_campos"": 1}"
https://un.org,85,2,0.0,0,0,0,0,0,0,"{""header_presente"": 1}"
https://dailymail.co.uk,50,492,0.0,0,28,3,0,3,23,"{""header_presente"": 1, ""nav_itens"": 15, ""main_presente"": 1, ""footer_presente"": 1, ""carousel_imagens"": 15, ""carousel_sem_alt"": 0, ""form_campos"": 3}"
https://naver.com,75,0,0.0,1,0,1,1,0,30,"{""header_presente"": 1, ""footer_presente"": 1, ""form_campos"": 14}"
https://wp.com,85,6,0.0,1,0,2,1,0,0,"{""nav_itens"": 4, ""main_presente"": 1, ""footer_presente"": 1, ""form_campos"": 2}"
https://espn.com,55,105,0.0,1,0,3,1,0,42,"{""header_presente"": 1, ""nav_itens"": 0, ""main_presente"": 1, ""footer_presente"": 1, ""carousel_imagens"": 0, ""carousel_sem_alt"": 0}"
https://aliyun.com,65,0,0.0,0,0,0,0,0,58,{}
https://stanford.edu,95,25,0.0,1,0,0,1,0,0,"{""header_presente"": 1, ""nav_itens"": 5, ""main_presente"": 1, ""footer_presente"": 1, ""form_campos"": 3}"
https://bilibili.com,70,1,0.0,1,0,1,0,0,16,"{""header_presente"": 1, ""nav_itens"": 0, ""main_presente"": 1, ""footer_presente"": 1, ""carousel_imagens"": 11, ""carousel_sem_alt"": 0, ""form_campos"": 1}"
https://dotomi.com,90,21,0.9615384615384616,1,0,9,1,0,0,"{""header_presente"": 1, ""nav_itens"": 35, ""main_presente"": 1, ""footer_presente"": 1, ""carousel_imagens"": 1, ""carousel_sem_alt"": 0, ""form_campos"": 9}"
https://tp-link.com,55,7,0.7246376811594203,1,0,2,1,0,1,"{""header_presente"": 1, ""nav_itens"": 103, ""main_presente"": 1, ""footer_presente"": 1, ""form_campos"": 3}"
https://netflix.net,90,0,0.0,0,0,1,0,0,0,"{""header_presente"": 1, ""main_presente"": 1, ""form_campos"": 7}"
https://vivoglobal.com,80,5,0.0,1,0,0,0,0,0,"{""footer_presente"": 1}"
https://google.de,85,10,0.0,1,0,2,1,0,0,"{""header_presente"": 1, ""form_campos"": 9}"
https://businessinsider.com,60,118,0.0,1,0,1,1,0,0,"{""header_presente"": 1, ""nav_itens"": 55, ""main_presente"": 1, ""footer_presente"": 1, ""form_campos"": 1}"
https://mediatek.com,50,0,0.0,1,8,1,1,0,36,"{""header_presente"": 1, ""nav_itens"": 2, ""main_presente"": 1, ""footer_presente"": 1, ""carousel_imagens"": 7, ""carousel_sem_alt"": 0, ""form_campos"": 3}"
https://temu.com,80,0,0.0,0,0,0,0,0,0,{}
https://nvidia.com,80,6,0.1715265866209262,1,0,3,1,0,0,"{""header_presente"": 1, ""nav_itens"": 306, ""main_presente"": 1, ""footer_presente"": 1, ""carousel_imagens"": 8, ""carousel_sem_alt"": 6, ""form_campos"": 2}"
https://ip-api.com,80,0,0.0,1,1,1,0,0,11,"{""header_presente"": 1, ""nav_itens"": 4, ""main_presente"": 1, ""footer_presente"": 1, ""form_campos"": 1}"
https://telegram.org,55,11,0.0,0,1,0,0,2,34,"{""nav_itens"": 20, ""main_presente"": 1, ""footer_presente"": 1}"
https://duckduckgo.com,55,0,0.0,1,0,0,0,0,1,{}
https://addtoany.com,85,0,0.0,1,0,0,0,0,0,"{""header_presente"": 1, ""main_presente"": 1, ""footer_presente"": 1}"
https://calendly.com,90,1,0.0,1,6,0,1,0,0,"{""header_presente"": 1, ""nav_itens"": 42, ""footer_presente"": 1}"
https://cookiedatabase.org,80,8,0.0,1,1,0,1,0,2,"{""header_presente"": 1, ""nav_itens"": 3, ""footer_presente"": 1, ""form_campos"": 2}"
https://cornell.edu,90,0,0.0,1,0,0,1,2,0,"{""header_presente"": 1, ""nav_itens"": 1, ""footer_presente"": 1, ""form_campos"": 1}"
https://taobao.com,65,0,0.0,1,0,0,0,0,17,"{""nav_itens"": 0}"
https://steamcommunity.com,65,9,0.0,1,0,5,1,0,2,"{""header_presente"": 1, ""nav_itens"": 22, ""main_presente"": 1, ""footer_presente"": 1, ""form_campos"": 4}"
https://telegram.me,55,11,0.0,0,1,0,0,2,34,"{""nav_itens"": 20, ""main_presente"": 1, ""footer_presente"": 1}"
https://globo.com,60,23,0.0,1,0,0,0,0,329,"{""header_presente"": 1, ""nav_itens"": 6, ""main_presente"": 1, ""footer_presente"": 1, ""carousel_imagens"": 1, ""carousel_sem_alt"": 1, ""form_campos"": 0}"
https://teamviewer.com,75,85,0.0,1,3,0,1,0,0,"{""header_presente"": 1, ""nav_itens"": 16, ""main_presente"": 1, ""footer_presente"": 1, ""carousel_imagens"": 3, ""carousel_sem_alt"": 3}"
https://lijit.com,85,0,0.0,1,0,0,0,0,0,"{""header_presente"": 1, ""footer_presente"": 1}"
https://goodreads.com,80,0,0.0,0,0,1,0,0,0,"{""header_presente"": 1, ""main_presente"": 1, ""footer_presente"": 1, ""form_campos"": 2}"
https://statista.com,95,22,0.0,1,0,1,1,0,0,"{""header_presente"": 1, ""nav_itens"": 151, ""main_presente"": 1, ""footer_presente"": 1, ""carousel_imagens"": 0, ""carousel_sem_alt"": 0, ""form_campos"": 1}"
https://npr.org,80,59,0.0,1,1,12,1,0,0,"{""header_presente"": 1, ""nav_itens"": 56, ""main_presente"": 1, ""footer_presente"": 1}"
https://gitlab.com,75,76,0.0,1,1,3,1,1,0,"{""header_presente"": 1, ""nav_itens"": 66, ""main_presente"": 1, ""footer_presente"": 1, ""carousel_imagens"": 30, ""carousel_sem_alt"": 30, ""form_campos"": 3}"
https://eventbrite.com,90,0,0.0,1,0,0,1,0,0,"{""header_presente"": 1, ""nav_itens"": 67, ""main_presente"": 1, ""footer_presente"": 1, ""form_campos"": 1}"
https://foxnews.com,70,0,0.0,1,2,1,0,0,0,"{""header_presente"": 1, ""nav_itens"": 8, ""main_presente"": 1, ""footer_presente"": 1, ""form_campos"": 2}"
https://deepintent.com,95,77,0.0,1,1,0,1,1,0,"{""header_presente"": 1, ""nav_itens"": 32, ""main_presente"": 1, ""footer_presente"": 1}"
https://speedtest.net,80,0,0.0,1,0,0,1,0,0,"{""nav_itens"": 63, ""main_presente"": 1, ""footer_presente"": 1}"
https://gosuslugi.ru,90,0,0.0,1,0,0,0,0,0,"{""header_presente"": 1, ""main_presente"": 1}"
https://indiatimes.com,55,1,0.0,1,0,0,0,0,0,"{""header_presente"": 1, ""nav_itens"": 53, ""main_presente"": 1, ""footer_presente"": 1, ""carousel_imagens"": 0, ""carousel_sem_alt"": 0}"
https://verisign.com,90,0,0.0,1,0,2,0,1,1,"{""header_presente"": 1, ""nav_itens"": 94, ""main_presente"": 1, ""footer_presente"": 1, ""form_campos"": 1}"
https://att.net,65,30,0.0,1,0,0,1,0,1,"{""header_presente"": 1, ""nav_itens"": 65, ""main_presente"": 1, ""footer_presente"": 1, ""form_campos"": 7}"
https://crpt.ru,80,0,0.0,1,0,1,0,3,4,"{""header_presente"": 1, ""nav_itens"": 4, ""main_presente"": 1, ""carousel_imagens"": 0, ""carousel_sem_alt"": 0, ""form_campos"": 1}"
https://afternic.com,90,2,0.0,1,0,0,1,0,0,"{""header_presente"": 1, ""nav_itens"": 11, ""main_presente"": 1, ""footer_presente"": 1}"
https://xhamster.com,70,0,0.0,1,0,3,1,0,5,"{""header_presente"": 1, ""nav_itens"": 44, ""main_presente"": 1, ""footer_presente"": 1, ""form_campos"": 1}"
https://slideshare.net,100,2,0.0,1,0,6,1,0,0,"{""header_presente"": 1, ""main_presente"": 1, ""footer_presente"": 1, ""form_campos"": 2}"
https://trustpilot.com,95,82,0.0,1,0,2,1,0,0,"{""header_presente"": 1, ""nav_itens"": 1, ""main_presente"": 1, ""footer_presente"": 1, ""carousel_imagens"": 24, ""carousel_sem_alt"": 24, ""form_campos"": 2}"
https://google.com.hk,75,10,0.0,1,0,2,1,0,0,"{""header_presente"": 1, ""form_campos"": 9}"
https://indexww.com,80,0,0.0,0,0,0,0,0,0,{}
https://amplitude.com,55,25,0.0,1,1,0,1,0,0,"{""header_presente"": 1, ""nav_itens"": 56, ""main_presente"": 1, ""footer_presente"": 1}"
https://360yield.com,70,0,0.0,0,0,0,0,0,3,{}
https://ft.com,80,12,0.0,1,0,0,1,0,0,"{""header_presente"": 1, ""nav_itens"": 2, ""main_presente"": 1, ""footer_presente"": 1, ""form_campos"": 1}"
https://visualstudio.com,95,16,0.0,1,0,1,1,1,0,"{""header_presente"": 1, ""nav_itens"": 25, ""main_presente"": 1, ""footer_presente"": 1, ""carousel_imagens"": 2, ""carousel_sem_alt"": 2, ""form_campos"": 1}"
https://atlassian.com,80,35,0.0,1,2,0,1,3,0,"{""header_presente"": 1, ""nav_itens"": 86, ""main_presente"": 1, ""footer_presente"": 1}"
https://shein.com,65,4,0.0,1,0,1,1,0,18,"{""header_presente"": 1, ""nav_itens"": 27, ""footer_presente"": 1, ""carousel_imagens"": 1, ""carousel_sem_alt"": 0, ""form_campos"": 1}"
https://aliexpress.com,70,0,0.0,0,0,0,0,0,1,{}
https://erome.com,90,4,0.0,1,0,0,1,0,0,"{""footer_presente"": 1}"
https://deviantart.com,60,8,0.0,1,0,1,1,0,0,"{""header_presente"": 1, ""nav_itens"": 3, ""main_presente"": 1, ""footer_presente"": 1, ""form_campos"": 1}"
https://fandom.com,80,17,0.0,1,0,5,0,0,7,"{""header_presente"": 1, ""nav_itens"": 3, ""main_presente"": 1, ""footer_presente"": 1, ""form_campos"": 2}"
https://ys7.com,50,132,0.0,1,0,1,0,0,58,"{""header_presente"": 1, ""nav_itens"": 210, ""footer_presente"": 1, ""form_campos"": 1}"
https://paloaltonetworks.com,85,25,0.0,1,0,0,1,4,0,"{""header_presente"": 1, ""nav_itens"": 12, ""main_presente"": 1, ""footer_presente"": 1, ""form_campos"": 10}"
https://gdemoideti.ru,85,5,0.0,1,0,1,0,0,6,"{""header_presente"": 1, ""nav_itens"": 7, ""main_presente"": 1, ""footer_presente"": 1, ""carousel_imagens"": 138, ""carousel_sem_alt"": 0, ""form_campos"": 1}"
https://jquery.com,60,0,0.0,1,0,1,1,0,17,"{""header_presente"": 1, ""nav_itens"": 26, ""main_presente"": 1, ""footer_presente"": 1, ""form_campos"": 1}"
https://free.fr,65,1,0.0,1,0,0,1,0,0,"{""header_presente"": 1, ""nav_itens"": 1, ""main_presente"": 1, ""footer_presente"": 1}"
https://163.com,35,1,0.0,0,1,0,0,0,27,"{""nav_itens"": 23, ""main_presente"": 1, ""footer_presente"": 1, ""carousel_imagens"": 0, ""carousel_sem_alt"": 0}"
https://patreon.com,75,1,0.0,1,10,2,1,4,1,"{""header_presente"": 1, ""nav_itens"": 35, ""main_presente"": 1, ""footer_presente"": 1, ""form_campos"": 1}"
https://quickconnect.to,80,10,0.0,0,0,1,0,0,2,"{""footer_presente"": 1}"
https://cookielaw.org,85,3,0.0,1,1,2,1,0,2,"{""header_presente"": 1, ""nav_itens"": 45, ""footer_presente"": 1, ""form_campos"": 1}"
https://t-online.de,55,37,0.0,1,0,3,1,0,49,"{""header_presente"": 1, ""nav_itens"": 12, ""main_presente"": 1, ""footer_presente"": 1, ""carousel_imagens"": 4, ""carousel_sem_alt"": 0, ""form_campos"": 2}"
https://fast.com,70,0,0.0,0,0,4,1,0,1,"{""main_presente"": 1, ""footer_presente"": 1}"
https://playstation.com,60,36,8.870967741935484,1,4,3,1,6,0,"{""header_presente"": 1, ""nav_itens"": 34, ""main_presente"": 1, ""footer_presente"": 1, ""carousel_imagens"": 30, ""carousel_sem_alt"": 12}"
https://docker.com,75,3,0.0,1,7,0,1,0,1,"{""header_presente"": 1, ""nav_itens"": 3, ""main_presente"": 1, ""footer_presente"": 1, ""form_campos"": 1}"
https://imgur.com,75,0,0.0,1,0,0,0,0,27,{}
https://gumgum.com,65,119,0.0,1,0,15,1,9,20,"{""header_presente"": 1, ""nav_itens"": 33, ""main_presente"": 1, ""footer_presente"": 1, ""carousel_imagens"": 0, ""carousel_sem_alt"": 0, ""form_campos"": 21}"
https://cnet.com,85,127,0.0,1,0,1,0,5,1,"{""header_presente"": 1, ""nav_itens"": 397, ""main_presente"": 1, ""footer_presente"": 1, ""carousel_imagens"": 7, ""carousel_sem_alt"": 7, ""form_campos"": 2}"
https://hotjar.com,85,42,0.0,1,0,1,0,1,0,"{""nav_itens"": 6, ""main_presente"": 1, ""footer_presente"": 1, ""form_campos"": 2}"
https://trendmicro.com,80,29,30.42168674698795,1,0,3,0,3,0,"{""header_presente"": 1, ""nav_itens"": 238, ""main_presente"": 1, ""footer_presente"": 1, ""carousel_imagens"": 2, ""carousel_sem_alt"": 0, ""form_campos"": 1}"
https://newsweek.com,60,0,0.0,1,0,1,1,0,2,"{""header_presente"": 1, ""nav_itens"": 55, ""main_presente"": 1, ""footer_presente"": 1, ""carousel_imagens"": 6, ""carousel_sem_alt"": 0, ""form_campos"": 1}"
https://tplinkcloud.com,55,14,0.0,0,0,6,0,0,12,"{""header_presente"": 1, ""main_presente"": 1}"
https://branch.io,80,12,0.0,1,3,0,1,0,0,"{""header_presente"": 1, ""nav_itens"": 7, ""main_presente"": 1, ""footer_presente"": 1, ""carousel_imagens"": 12, ""carousel_sem_alt"": 0, ""form_campos"": 0}"
https://intercom.io,85,0,0.0,1,0,0,0,0,0,"{""header_presente"": 1, ""nav_itens"": 5, ""main_presente"": 1, ""footer_presente"": 1}"
https://dynatrace.com,80,0,0.0,1,2,0,0,0,0,"{""nav_itens"": 1, ""main_presente"": 1, ""carousel_imagens"": 8, ""carousel_sem_alt"": 0}"
https://berkeley.edu,100,12,0.0,1,0,0,1,1,0,"{""header_presente"": 1, ""nav_itens"": 9, ""main_presente"": 1, ""footer_presente"": 1, ""form_campos"": 1}"
https://oup.com,90,13,0.0,1,0,0,1,0,0,"{""header_presente"": 1, ""nav_itens"": 15, ""main_presente"": 1, ""footer_presente"": 1}"
https://britannica.com,85,1,0.0,1,0,0,1,0,0,"{""header_presente"": 1, ""nav_itens"": 2, ""main_presente"": 1, ""footer_presente"": 1, ""carousel_imagens"": 0, ""carousel_sem_alt"": 0, ""form_campos"": 1}"
https://force.com,85,146,0.0,1,11,0,1,0,0,"{""header_presente"": 1, ""nav_itens"": 446, ""main_presente"": 1}"
https://qualtrics.com,80,0,0.0,1,2,0,1,0,8,"{""header_presente"": 1, ""main_presente"": 1, ""footer_presente"": 1, ""carousel_imagens"": 0, ""carousel_sem_alt"": 0, ""form_campos"": 0}"
https://ikea.com,95,10,0.0,1,0,0,1,1,0,"{""header_presente"": 1, ""nav_itens"": 4, ""main_presente"": 1, ""footer_presente"": 1, ""carousel_imagens"": 0, ""carousel_sem_alt"": 0}"
https://surveymonkey.com,65,0,0.0,1,0,0,1,0,11,"{""header_presente"": 1, ""nav_itens"": 92, ""footer_presente"": 1}"
https://nike.com,45,1,0.0,1,6,1,1,0,0,"{""header_presente"": 1, ""nav_itens"": 284, ""main_presente"": 1, ""footer_presente"": 1, ""carousel_imagens"": 0, ""carousel_sem_alt"": 0, ""form_campos"": 1}"
https://name.com,80,1,0.0,1,1,4,1,0,14,"{""header_presente"": 1, ""nav_itens"": 1, ""main_presente"": 1, ""footer_presente"": 1, ""carousel_imagens"": 1, ""carousel_sem_alt"": 0, ""form_campos"": 1}"
https://uk.com,70,4,0.0,1,0,2,1,0,5,"{""header_presente"": 1, ""nav_itens"": 5, ""main_presente"": 1, ""footer_presente"": 1, ""carousel_imagens"": 21, ""carousel_sem_alt"": 0}"
https://wps.com,70,23,0.0,1,0,0,0,0,4,"{""header_presente"": 1, ""nav_itens"": 21, ""main_presente"": 1, ""footer_presente"": 1, ""carousel_imagens"": 2, ""carousel_sem_alt"": 0}"
https://aboutads.info,65,2,0.0,1,1,0,0,0,23,"{""header_presente"": 1, ""nav_itens"": 4, ""main_presente"": 1, ""footer_presente"": 1}"
https://ted.com,55,0,0.0,1,0,3,1,0,12,"{""header_presente"": 1, ""nav_itens"": 24, ""main_presente"": 1, ""footer_presente"": 1, ""form_campos"": 1}"
https://tapad.com,60,1,0.0,0,1,0,1,0,0,"{""nav_itens"": 23, ""main_presente"": 1, ""footer_presente"": 1, ""carousel_imagens"": 6, ""carousel_sem_alt"": 0}"
https://rt.ru,70,2,0.0,0,0,1,0,0,0,{}
https://newrelic.com,80,35,0.0,1,0,0,1,0,0,"{""header_presente"": 1, ""nav_itens"": 108, ""main_presente"": 1, ""footer_presente"": 1, ""carousel_imagens"": 4, ""carousel_sem_alt"": 0, ""form_campos"": 1}"
https://fontawesome.com,70,0,0.0,1,0,0,0,0,15,{}
https://cloudflareinsights.com,70,1,0.0,0,0,0,0,0,0,{}
https://he.net,70,3,0.0,0,0,0,0,0,0,"{""header_presente"": 1, ""nav_itens"": 3, ""main_presente"": 1, ""footer_presente"": 1}"
https://wattpad.com,65,79,0.0,1,6,2,1,0,0,"{""header_presente"": 1, ""nav_itens"": 1, ""footer_presente"": 1, ""form_campos"": 1}"
https://stackadapt.com,75,6,0.0,1,0,2,1,4,1,"{""header_presente"": 1, ""nav_itens"": 4, ""main_presente"": 1, ""footer_presente"": 1}"
https://deepl.com,75,1,0.0,1,0,0,1,1,0,"{""header_presente"": 1, ""nav_itens"": 3, ""main_presente"": 1, ""footer_presente"": 1}"
https://pendo.io,75,36,0.0,1,1,0,1,0,3,"{""header_presente"": 1, ""nav_itens"": 6, ""footer_presente"": 1, ""form_campos"": 0}"
https://jotform.com,90,0,0.0,1,0,1,1,0,4,"{""header_presente"": 1, ""nav_itens"": 110, ""main_presente"": 1, ""footer_presente"": 1}"
https://outbrain.com,50,13,0.0,1,4,0,1,0,0,"{""header_presente"": 1, ""nav_itens"": 18, ""main_presente"": 1, ""footer_presente"": 1}"
https://mailchimp.com,95,4,0.0,1,0,2,1,0,0,"{""header_presente"": 1, ""nav_itens"": 183, ""main_presente"": 1, ""footer_presente"": 1, ""form_campos"": 4}"
https://elpais.com,85,70,0.0,1,0,0,1,0,1,"{""header_presente"": 1, ""nav_itens"": 11, ""main_presente"": 1, ""footer_presente"": 1, ""form_campos"": 1}"
https://optimizely.com,75,2,0.0,1,0,3,1,0,0,"{""header_presente"": 1, ""nav_itens"": 4, ""main_presente"": 1, ""footer_presente"": 1, ""form_campos"": 349}"
https://pinimg.com,90,0,0.0,1,0,0,0,0,0,{}
https://w3schools.com,80,0,0.0,1,23,5,1,0,19,"{""nav_itens"": 4, ""main_presente"": 1, ""footer_presente"": 1, ""form_campos"": 1}"
https://conviva.com,55,41,0.0,1,0,1,1,0,7,"{""header_presente"": 1, ""nav_itens"": 7, ""main_presente"": 1, ""footer_presente"": 1, ""carousel_imagens"": 9, ""carousel_sem_alt"": 8, ""form_campos"": 1}"
https://okta.com,70,84,0.0,1,1,0,1,0,0,"{""header_presente"": 1, ""nav_itens"": 16, ""main_presente"": 1, ""footer_presente"": 1}"
https://brave.com,80,8,0.0,1,3,9,0,0,0,"{""header_presente"": 1, ""nav_itens"": 46, ""main_presente"": 1, ""footer_presente"": 1, ""carousel_imagens"": 0, ""carousel_sem_alt"": 0, ""form_campos"": 3}"
https://service.gov.uk,95,4,0.0,1,0,0,1,0,0,"{""header_presente"": 1, ""nav_itens"": 25, ""main_presente"": 1, ""footer_presente"": 1, ""form_campos"": 1}"
https://ring.com,70,6,0.0,1,2,0,1,1,14,"{""header_presente"": 1, ""main_presente"": 1, ""footer_presente"": 1}"
https://salesforceliveagent.com,85,156,1.4010507880910683,1,10,0,1,0,0,"{""header_presente"": 1, ""nav_itens"": 415, ""main_presente"": 1, ""footer_presente"": 1, ""carousel_imagens"": 0, ""carousel_sem_alt"": 0}"
https://arxiv.org,100,0,0.0,1,0,4,1,0,0,"{""header_presente"": 1, ""nav_itens"": 3, ""main_presente"": 1, ""footer_presente"": 1, ""form_campos"": 3}"
https://dreamhost.com,75,14,0.0,1,4,0,1,0,8,"{""header_presente"": 1, ""nav_itens"": 5, ""main_presente"": 1, ""footer_presente"": 1, ""form_campos"": 1}"
https://warnerbros.com,90,0,0.0,1,0,1,1,0,0,"{""header_presente"": 1, ""nav_itens"": 9, ""main_presente"": 1, ""footer_presente"": 1, ""carousel_imagens"": 0, ""carousel_sem_alt"": 0}"
https://lemonde.fr,65,49,0.0,1,1,0,1,0,29,"{""header_presente"": 1, ""nav_itens"": 130, ""main_presente"": 1, ""footer_presente"": 1, ""carousel_imagens"": 6, ""carousel_sem_alt"": 0}"
https://spiegel.de,80,593,0.0,1,0,4,1,26,57,"{""header_presente"": 1, ""nav_itens"": 36, ""main_presente"": 1, ""footer_presente"": 1, ""form_campos"": 1}"
https://mailinabox.email,65,4,0.0,0,0,0,0,0,9,"{""header_presente"": 1}"
https://bidmachine.io,85,40,0.0,1,2,0,1,1,0,"{""nav_itens"": 9, ""main_presente"": 1, ""footer_presente"": 1, ""carousel_imagens"": 20, ""carousel_sem_alt"": 20}"
https://anydesk.com,50,95,0.0,1,1,5,1,0,9,"{""header_presente"": 1, ""nav_itens"": 46, ""main_presente"": 1, ""footer_presente"": 1, ""carousel_imagens"": 27, ""carousel_sem_alt"": 27, ""form_campos"": 3}"
https://rackspace.com,75,13,0.0,1,1,0,1,0,1,"{""header_presente"": 1, ""nav_itens"": 347, ""main_presente"": 1, ""footer_presente"": 1, ""carousel_imagens"": 0, ""carousel_sem_alt"": 0, ""form_campos"": 1}"
https://lwsdns.com,85,0,0.0,1,0,0,0,0,0,"{""footer_presente"": 1}"
https://ya.ru,90,1,0.0,1,0,1,1,0,4,"{""main_presente"": 1, ""form_campos"": 5}"
https://mediafire.com,95,0,0.0,1,0,0,1,0,0,"{""header_presente"": 1, ""nav_itens"": 0, ""main_presente"": 1, ""footer_presente"": 1, ""form_campos"": 0}"
https://xvideos.com,65,48,0.0,1,0,2,0,0,60,"{""header_presente"": 1, ""nav_itens"": 78, ""main_presente"": 1, ""footer_presente"": 1, ""form_campos"": 1}"
https://unesco.org,90,29,0.0,1,0,1,1,0,12,"{""header_presente"": 1, ""nav_itens"": 4, ""main_presente"": 1, ""footer_presente"": 1, ""form_campos"": 2}"
https://shopee.co.id,60,0,0.0,0,0,0,0,0,0,{}
https://sagepub.com,95,1,0.0,1,0,2,1,0,1,"{""header_presente"": 1, ""nav_itens"": 0, ""main_presente"": 1, ""footer_presente"": 1, ""form_campos"": 1}"
https://mixpanel.com,75,25,0.0,1,17,0,0,0,6,{}
https://hihonorcloud.com,75,0,0.0,0,0,0,0,0,0,{}
https://contextweb.com,80,0,0.0,0,0,0,0,0,0,{}
https://disqus.com,70,0,0.0,1,0,0,0,0,39,{}
https://nic.io,80,0,0.0,1,1,2,0,0,0,"{""header_presente"": 1, ""nav_itens"": 10, ""main_presente"": 1, ""footer_presente"": 1, ""form_campos"": 2}"
https://clever.com,100,57,0.0,1,0,0,0,0,0,"{""header_presente"": 1, ""nav_itens"": 66, ""main_presente"": 1, ""footer_presente"": 1}"
https://rakuten.com,80,0,0.0,0,0,0,0,0,0,"{""header_presente"": 1}"
https://a-mo.net,75,0,0.0,0,0,0,0,0,0,{}
https://prnewswire.com,70,20,0.0,1,1,1,1,0,0,"{""header_presente"": 1, ""nav_itens"": 6, ""main_presente"": 1, ""footer_presente"": 1, ""form_campos"": 9}"
https://supercell.com,90,0,0.0,1,1,0,1,0,16,"{""header_presente"": 1, ""nav_itens"": 29, ""main_presente"": 1, ""footer_presente"": 1}"
https://zoho.com,95,0,10.0,1,0,0,1,0,0,"{""header_presente"": 1, ""main_presente"": 1, ""footer_presente"": 1}"
https://webmd.com,50,13,0.0,1,0,6,1,0,0,"{""header_presente"": 1, ""nav_itens"": 69, ""main_presente"": 1, ""footer_presente"": 1, ""carousel_imagens"": 0, ""carousel_sem_alt"": 0, ""form_campos"": 1}"
https://onelink.me,50,17,0.0,1,0,0,1,0,11,"{""header_presente"": 1, ""nav_itens"": 89, ""main_presente"": 1, ""footer_presente"": 1, ""carousel_imagens"": 3, ""carousel_sem_alt"": 1, ""form_campos"": 0}"
https://google.nl,85,10,0.0,1,0,2,1,0,0,"{""header_presente"": 1, ""form_campos"": 9}"
https://lenovo.com,80,8,0.0,1,0,1,1,0,0,"{""header_presente"": 1, ""nav_itens"": 1, ""main_presente"": 1, ""footer_presente"": 1, ""form_campos"": 1}"
https://airbnb.com,100,1,0.0,1,0,1,1,3,0,"{""header_presente"": 1, ""nav_itens"": 8, ""main_presente"": 1, ""form_campos"": 1}"
https://liftoff.io,75,28,0.0,1,2,1,1,6,40,"{""header_presente"": 1, ""nav_itens"": 80, ""main_presente"": 1, ""footer_presente"": 1, ""carousel_imagens"": 3, ""carousel_sem_alt"": 3, ""form_campos"": 2}"
https://usps.com,45,3,0.0,1,2,2,1,0,0,"{""header_presente"": 1, ""nav_itens"": 141, ""footer_presente"": 1, ""carousel_imagens"": 4, ""carousel_sem_alt"": 0, ""form_campos"": 2}"
https://zemanta.com,85,1,0.0,1,0,0,0,0,10,"{""header_presente"": 1, ""nav_itens"": 1, ""main_presente"": 1, ""footer_presente"": 1}"
https://vivo.com.cn,75,13,0.0,1,0,1,1,0,59,"{""header_presente"": 1, ""nav_itens"": 4, ""main_presente"": 1, ""footer_presente"": 1}"
https://pccc.com,70,0,0.0,1,2,0,1,0,7,"{""header_presente"": 1, ""nav_itens"": 17, ""main_presente"": 1, ""footer_presente"": 1, ""carousel_imagens"": 13, ""carousel_sem_alt"": 0}"
https://ameblo.jp,80,66,0.0,1,0,0,1,0,0,"{""header_presente"": 1, ""main_presente"": 1, ""footer_presente"": 1}"
https://disneyplus.com,75,4,0.0,1,2,1,1,6,0,"{""nav_itens"": 1, ""main_presente"": 1, ""footer_presente"": 1, ""carousel_imagens"": 12, ""carousel_sem_alt"": 0}"
https://washington.edu,95,0,0.0,1,0,0,1,0,0,"{""header_presente"": 1, ""nav_itens"": 14, ""main_presente"": 1, ""footer_presente"": 1, ""carousel_imagens"": 0, ""carousel_sem_alt"": 0}"
https://teads.tv,85,0,0.0,1,0,0,0,0,0,{}
https://betweendigital.com,65,0,0.0,0,0,0,0,0,3,{}
https://shopee.com.br,60,0,0.0,0,0,0,0,0,0,{}
https://datadoghq.com,80,1,0.0,1,9,0,1,11,0,"{""header_presente"": 1, ""nav_itens"": 161, ""main_presente"": 1, ""footer_presente"": 1, ""form_campos"": 0}"
https://networkadvertising.org,75,55,0.0,1,0,0,1,0,2,"{""header_presente"": 1, ""nav_itens"": 5, ""main_presente"": 1, ""footer_presente"": 1}"
https://atlassian.net,90,41,0.0,1,10,1,0,0,0,"{""header_presente"": 1, ""nav_itens"": 88, ""main_presente"": 1, ""footer_presente"": 1, ""form_campos"": 1}"
https://unpkg.com,85,0,0.0,1,0,0,0,0,65,"{""header_presente"": 1, ""nav_itens"": 5, ""main_presente"": 1}"
https://xbox.com,90,21,0.0,1,0,1,1,0,11,"{""header_presente"": 1, ""nav_itens"": 59, ""footer_presente"": 1, ""form_campos"": 1}"
https://apnews.com,75,30,0.0,1,0,4,0,54,1,"{""header_presente"": 1, ""nav_itens"": 273, ""main_presente"": 1, ""footer_presente"": 1, ""form_campos"": 1}"
https://lefigaro.fr,50,4,0.0,1,0,1,1,0,23,"{""header_presente"": 1, ""nav_itens"": 111, ""main_presente"": 1, ""footer_presente"": 1, ""carousel_imagens"": 0, ""carousel_sem_alt"": 0, ""form_campos"": 0}"
https://academia.edu,75,145,0.0,1,2,1,1,0,0,"{""header_presente"": 1, ""nav_itens"": 0, ""main_presente"": 1, ""footer_presente"": 1, ""form_campos"": 1}"
https://aniview.com,85,22,0.0,1,0,13,1,0,13,"{""header_presente"": 1, ""nav_itens"": 32, ""main_presente"": 1, ""footer_presente"": 1, ""carousel_imagens"": 7, ""carousel_sem_alt"": 7, ""form_campos"": 21}"
https://onetag-sys.com,80,0,0.0,0,0,0,0,0,0,{}
https://python.org,60,0,0.0,1,0,0,1,0,11,"{""header_presente"": 1, ""nav_itens"": 9, ""main_presente"": 1, ""footer_presente"": 1, ""form_campos"": 1}"
https://adjust.com,80,19,0.0,1,0,0,1,0,2,"{""header_presente"": 1, ""nav_itens"": 36, ""main_presente"": 1, ""footer_presente"": 1}"
https://ovh.net,75,0,0.0,0,0,0,0,0,0,"{""header_presente"": 1, ""nav_itens"": 13, ""main_presente"": 1}"
https://fwmrm.net,80,4,0.0,1,0,0,1,0,0,"{""header_presente"": 1, ""nav_itens"": 17, ""main_presente"": 1, ""footer_presente"": 1, ""form_campos"": 1}"
https://healthline.com,90,15,0.0,1,1,0,1,0,0,"{""header_presente"": 1, ""nav_itens"": 6, ""footer_presente"": 1}"
https://flashtalking.com,70,61,0.0,1,0,2,1,1,11,"{""header_presente"": 1, ""nav_itens"": 0, ""main_presente"": 1, ""footer_presente"": 1, ""carousel_imagens"": 0, ""carousel_sem_alt"": 0, ""form_campos"": 2}"
https://hbr.org,85,0,0.0,1,1,0,1,0,0,"{""header_presente"": 1, ""nav_itens"": 8, ""main_presente"": 1, ""footer_presente"": 1, ""carousel_imagens"": 0, ""carousel_sem_alt"": 0, ""form_campos"": 1}"
https://appspot.com,100,0,0.0,1,0,3,1,0,0,"{""header_presente"": 1, ""main_presente"": 1, ""footer_presente"": 1, ""form_campos"": 8}"
https://kargo.com,85,8,0.0,1,0,1,1,1,1,"{""header_presente"": 1, ""nav_itens"": 3, ""main_presente"": 1, ""footer_presente"": 1, ""form_campos"": 1}"
https://change.org,100,0,0.0,1,0,2,1,0,0,"{""header_presente"": 1, ""nav_itens"": 0, ""main_presente"": 1, ""footer_presente"": 1}"
https://welt.de,75,2,0.0,1,15,0,1,3,3,"{""header_presente"": 1, ""nav_itens"": 173, ""main_presente"": 1, ""footer_presente"": 1}"
https://globalsign.com,70,8,0.0,1,4,3,1,0,12,"{""header_presente"": 1, ""nav_itens"": 11, ""main_presente"": 1, ""footer_presente"": 1, ""carousel_imagens"": 0, ""carousel_sem_alt"": 0, ""form_campos"": 2}"
https://pornhub.com,70,0,0.0,1,1,3,1,4,1,"{""header_presente"": 1, ""nav_itens"": 4, ""main_presente"": 1, ""footer_presente"": 1, ""form_campos"": 7}"
https://utorrent.com,75,5,0.0,1,1,0,1,0,10,"{""header_presente"": 1, ""nav_itens"": 31, ""main_presente"": 1}"
https://genius.com,70,38,0.0,0,0,1,1,0,49,"{""nav_itens"": 6, ""main_presente"": 1, ""footer_presente"": 1, ""form_campos"": 1}"
https://hindustantimes.com,60,1,0.0,1,0,2,0,0,76,"{""header_presente"": 1, ""nav_itens"": 12, ""main_presente"": 1, ""footer_presente"": 1}"
https://bild.de,85,135,0.0,1,0,1,1,0,3,"{""header_presente"": 1, ""nav_itens"": 165, ""main_presente"": 1, ""footer_presente"": 1, ""carousel_imagens"": 0, ""carousel_sem_alt"": 0, ""form_campos"": 1}"
https://figma.com,95,7,0.0,0,0,0,1,0,0,"{""header_presente"": 1, ""nav_itens"": 1, ""main_presente"": 1, ""footer_presente"": 1}"
https://themeforest.net,90,0,0.0,1,0,3,1,0,66,"{""header_presente"": 1, ""nav_itens"": 8, ""main_presente"": 1, ""footer_presente"": 1, ""carousel_imagens"": 1, ""carousel_sem_alt"": 0, ""form_campos"": 1}"
https://cursor.sh,80,30,0.0,1,0,6,1,0,47,"{""header_presente"": 1, ""nav_itens"": 10, ""main_presente"": 1, ""footer_presente"": 1, ""form_campos"": 1}"
https://typeform.com,95,169,0.0,1,0,0,1,2,0,"{""header_presente"": 1, ""nav_itens"": 20, ""main_presente"": 1, ""footer_presente"": 1, ""carousel_imagens"": 144, ""carousel_sem_alt"": 144}"
https://intentiq.com,85,21,0.0,1,0,3,1,0,2,"{""header_presente"": 1, ""nav_itens"": 26, ""main_presente"": 1, ""footer_presente"": 1, ""carousel_imagens"": 4, ""carousel_sem_alt"": 0, ""form_campos"": 11}"
https://threads.com,75,0,0.0,1,0,0,0,0,7,{}
https://theatlantic.com,90,3,0.0,1,0,0,1,0,0,"{""nav_itens"": 43, ""main_presente"": 1, ""footer_presente"": 1, ""form_campos"": 1}"
https://nationalgeographic.com,30,1,0.0,1,0,0,1,0,0,"{""header_presente"": 1, ""main_presente"": 1, ""footer_presente"": 1}"
https://thenai.org,75,55,0.0,1,0,0,1,0,2,"{""header_presente"": 1, ""nav_itens"": 5, ""main_presente"": 1, ""footer_presente"": 1}"
https://chess.com,85,0,0.0,1,0,1,0,0,4,"{""header_presente"": 1, ""nav_itens"": 12, ""main_presente"": 1, ""footer_presente"": 1}"
https://mailchi.mp,95,4,0.0,1,0,2,1,0,0,"{""header_presente"": 1, ""nav_itens"": 183, ""main_presente"": 1, ""footer_presente"": 1, ""form_campos"": 4}"
https://otto.de,90,10,0.0,1,0,1,1,0,0,"{""header_presente"": 1, ""nav_itens"": 500, ""footer_presente"": 1, ""carousel_imagens"": 1, ""carousel_sem_alt"": 1, ""form_campos"": 1}"
https://openstreetmap.org,80,1,0.0,1,0,8,1,0,0,"{""header_presente"": 1, ""nav_itens"": 4, ""main_presente"": 1, ""footer_presente"": 1, ""form_campos"": 1}"
https://classlink.com,65,53,0.0,1,0,2,1,1,2,"{""header_presente"": 1, ""nav_itens"": 5, ""main_presente"": 1, ""footer_presente"": 1, ""carousel_imagens"": 0, ""carousel_sem_alt"": 0, ""form_campos"": 2}"
https://netgear.com,75,2,0.0,1,2,0,1,0,1,"{""header_presente"": 1, ""nav_itens"": 7, ""main_presente"": 1, ""footer_presente"": 1, ""form_campos"": 1}"
https://redd.it,65,5,0.0,1,0,1,1,0,0,"{""header_presente"": 1, ""nav_itens"": 2, ""main_presente"": 1, ""carousel_imagens"": 1, ""carousel_sem_alt"": 0, ""form_campos"": 1}"
https://seedtag.com,80,42,0.0,1,0,0,0,0,4,"{""header_presente"": 1, ""nav_itens"": 35, ""main_presente"": 1, ""footer_presente"": 1}"
https://segment.io,60,8,0.0,1,1,7,1,0,0,"{""header_presente"": 1, ""nav_itens"": 138, ""main_presente"": 1, ""footer_presente"": 1, ""carousel_imagens"": 0, ""carousel_sem_alt"": 0, ""form_campos"": 8}"
https://onesignal.com,85,0,0.0,1,0,0,1,0,0,"{""header_presente"": 1, ""nav_itens"": 48, ""main_presente"": 1, ""footer_presente"": 1, ""carousel_imagens"": 4, ""carousel_sem_alt"": 0}"
https://edna.ru,60,143,0.0,1,1,8,1,0,4,"{""header_presente"": 1, ""nav_itens"": 41, ""main_presente"": 1, ""footer_presente"": 1, ""carousel_imagens"": 6, ""carousel_sem_alt"": 6, ""form_campos"": 21}"
https://epa.gov,100,0,0.0,1,0,0,1,0,0,"{""header_presente"": 1, ""nav_itens"": 34, ""main_presente"": 1, ""footer_presente"": 1, ""form_campos"": 6}"
https://moloco.com,75,15,0.0,1,1,0,1,0,1,"{""nav_itens"": 4, ""main_presente"": 1, ""footer_presente"": 1, ""carousel_imagens"": 3, ""carousel_sem_alt"": 0, ""form_campos"": 7}"
https://crazygames.com,80,2,0.0,1,0,1,1,0,5,"{""header_presente"": 1, ""nav_itens"": 70, ""main_presente"": 1, ""carousel_imagens"": 0, ""carousel_sem_alt"": 0, ""form_campos"": 1}"
https://character.ai,75,0,0.0,1,0,0,0,0,0,"{""main_presente"": 1}"
https://shopeemobile.com,60,0,0.0,0,0,0,0,0,0,{}
https://pbs.org,90,7,0.0,1,0,2,1,0,0,"{""header_presente"": 1, ""nav_itens"": 19, ""main_presente"": 1, ""footer_presente"": 1, ""form_campos"": 1}"
https://worldbank.org,80,9,0.0,0,0,0,0,0,0,"{""header_presente"": 1, ""main_presente"": 1, ""footer_presente"": 1}"
https://rspamd.com,80,0,0.0,1,0,0,0,0,17,{}
https://ubnt.com,70,1,0.0,1,0,0,0,0,27,{}
https://dribbble.com,75,0,0.0,1,0,7,1,12,15,"{""nav_itens"": 22, ""main_presente"": 1, ""footer_presente"": 1, ""form_campos"": 3}"
https://capcut.com,90,0,0.0,1,0,0,1,16,1,"{""header_presente"": 1, ""nav_itens"": 1, ""main_presente"": 1, ""footer_presente"": 1}"
https://instructure.com,70,29,0.0,1,3,1,1,0,3,"{""header_presente"": 1, ""nav_itens"": 12, ""main_presente"": 1, ""footer_presente"": 1, ""carousel_imagens"": 0, ""carousel_sem_alt"": 0, ""form_campos"": 2}"
https://mercadolivre.com.br,80,3,0.0,1,0,0,1,0,34,"{""header_presente"": 1, ""nav_itens"": 6, ""main_presente"": 1, ""footer_presente"": 1, ""carousel_imagens"": 7, ""carousel_sem_alt"": 0, ""form_campos"": 1}"
https://onlinepbx.ru,70,114,0.0,0,0,3,1,0,30,"{""header_presente"": 1, ""nav_itens"": 20, ""footer_presente"": 1}"
https://playrix.com,70,0,0.0,1,0,0,0,0,5,{}
https://kueezrtb.com,80,55,0.0,1,0,4,1,0,4,"{""header_presente"": 1, ""footer_presente"": 1, ""carousel_imagens"": 6, ""carousel_sem_alt"": 6, ""form_campos"": 10}"
https://seznam.cz,50,168,0.0,1,2,2,1,0,123,"{""header_presente"": 1, ""nav_itens"": 20, ""main_presente"": 1, ""footer_presente"": 1, ""carousel_imagens"": 0, ""carousel_sem_alt"": 0, ""form_campos"": 4}"
https://repubblica.it,65,22,0.0,1,0,2,1,0,160,"{""header_presente"": 1, ""nav_itens"": 81, ""main_presente"": 1, ""footer_presente"": 1, ""form_campos"": 4}"
https://adblockplus.org,70,3,0.0,1,1,4,0,0,3,"{""header_presente"": 1, ""nav_itens"": 17, ""main_presente"": 1, ""footer_presente"": 1, ""form_campos"": 0}"
https://arcgis.com,85,0,0.0,1,0,0,0,0,0,{}
https://mgid.com,80,24,0.0,1,0,0,1,0,22,"{""header_presente"": 1, ""nav_itens"": 28, ""main_presente"": 1, ""footer_presente"": 1, ""carousel_imagens"": 4, ""carousel_sem_alt"": 1}"
https://amazon.com.au,55,1,0.0,1,0,1,1,0,0,"{""header_presente"": 1, ""nav_itens"": 4, ""main_presente"": 1, ""footer_presente"": 1, ""carousel_imagens"": 1, ""carousel_sem_alt"": 0, ""form_campos"": 2}"
https://mercadolibre.com.ar,80,3,0.0,1,0,0,1,0,12,"{""header_presente"": 1, ""nav_itens"": 6, ""main_presente"": 1, ""footer_presente"": 1, ""carousel_imagens"": 5, ""carousel_sem_alt"": 0, ""form_campos"": 1}"
https://ryanair.com,85,0,0.0,1,0,0,0,0,0,{}
https://note.com,100,0,0.0,1,0,0,1,0,0,"{""header_presente"": 1, ""nav_itens"": 2, ""main_presente"": 1, ""footer_presente"": 1}"
https://xnxx.com,80,0,0.0,1,0,1,0,0,0,"{""header_presente"": 1, ""nav_itens"": 3, ""main_presente"": 1, ""footer_presente"": 1, ""form_campos"": 1}"
https://google.fr,85,10,0.0,1,0,2,1,0,0,"{""header_presente"": 1, ""form_campos"": 9}"
https://elmundo.es,75,22,0.0,1,0,0,1,0,7,"{""header_presente"": 1, ""nav_itens"": 194, ""main_presente"": 1, ""footer_presente"": 1}"
https://eporner.com,60,9,0.0,1,1,1,0,0,8,"{""header_presente"": 1, ""nav_itens"": 47, ""main_presente"": 1, ""footer_presente"": 1, ""form_campos"": 3}"
https://ipify.org,70,2,0.0,1,0,0,0,0,229,"{""header_presente"": 1, ""footer_presente"": 1}"
https://state.gov,80,6,0.0,1,0,0,1,0,0,"{""header_presente"": 1, ""nav_itens"": 7, ""main_presente"": 1, ""footer_presente"": 1, ""form_campos"": 2}"
https://jetbrains.com,80,0,0.0,1,0,0,0,0,0,"{""header_presente"": 1, ""main_presente"": 1, ""footer_presente"": 1}"
https://huffingtonpost.com,75,97,0.0,1,0,1,1,0,24,"{""header_presente"": 1, ""nav_itens"": 51, ""main_presente"": 1, ""footer_presente"": 1, ""form_campos"": 2}"
https://split.io,80,47,0.0,1,0,0,1,0,3,"{""nav_itens"": 8, ""main_presente"": 1, ""footer_presente"": 1}"
https://deloitte.com,70,41,3.546099290780142,1,1,1,1,1,2,"{""header_presente"": 1, ""nav_itens"": 235, ""main_presente"": 1, ""footer_presente"": 1, ""carousel_imagens"": 9, ""carousel_sem_alt"": 9}"
https://leparisien.fr,75,185,0.0,1,1,0,1,8,94,"{""header_presente"": 1, ""nav_itens"": 1, ""main_presente"": 1, ""footer_presente"": 1, ""carousel_imagens"": 0, ""carousel_sem_alt"": 0}"
https://garmin.com,75,6,0.0,1,0,0,1,0,0,"{""header_presente"": 1, ""nav_itens"": 7, ""main_presente"": 1, ""carousel_imagens"": 1, ""carousel_sem_alt"": 1}"
https://focus.de,70,0,0.0,1,0,0,1,0,0,"{""header_presente"": 1, ""nav_itens"": 141, ""main_presente"": 1, ""footer_presente"": 1, ""carousel_imagens"": 7, ""carousel_sem_alt"": 0}"
https://agora.io,70,68,0.0,1,0,0,1,0,7,"{""header_presente"": 1, ""nav_itens"": 83, ""main_presente"": 1, ""footer_presente"": 1, ""carousel_imagens"": 8, ""carousel_sem_alt"": 1}"
https://lavanguardia.com,70,7,0.0,1,0,1,1,0,2,"{""header_presente"": 1, ""nav_itens"": 81, ""main_presente"": 1, ""footer_presente"": 1, ""carousel_imagens"": 9, ""carousel_sem_alt"": 0, ""form_campos"": 1}"
https://selectel.ru,45,26,0.0,0,5,13,0,0,15,"{""header_presente"": 1, ""nav_itens"": 203, ""main_presente"": 1, ""footer_presente"": 1, ""form_campos"": 3}"
https://xing.com,90,58,0.0,1,0,1,1,0,0,"{""header_presente"": 1, ""nav_itens"": 8, ""main_presente"": 1, ""footer_presente"": 1, ""carousel_imagens"": 0, ""carousel_sem_alt"": 0}"
https://heytapmobi.com,80,0,0.0,0,0,0,0,0,0,"{""header_presente"": 1, ""footer_presente"": 1}"
https://rainberrytv.com,80,0,0.0,1,0,0,0,0,0,"{""header_presente"": 1}"
https://alphonso.tv,70,0,0.0,1,0,0,1,0,3,"{""header_presente"": 1, ""nav_itens"": 4, ""footer_presente"": 1}"
https://letterboxd.com,70,18,0.0,1,2,5,1,0,34,"{""header_presente"": 1, ""nav_itens"": 10, ""main_presente"": 1, ""footer_presente"": 1, ""form_campos"": 6}"
https://infobae.com,75,3,0.0,1,0,0,1,2,0,"{""header_presente"": 1, ""nav_itens"": 23, ""footer_presente"": 1}"
https://abc.es,60,2,0.0,1,0,1,1,0,19,"{""header_presente"": 1, ""nav_itens"": 14, ""main_presente"": 1, ""footer_presente"": 1}"
https://beget.com,65,0,0.0,0,0,0,0,0,23,{}
https://redfin.com,60,1,0.0,1,1,2,1,0,0,"{""header_presente"": 1, ""main_presente"": 1, ""footer_presente"": 1, ""form_campos"": 1}"
https://bfmtv.com,65,16,0.0,1,0,0,1,0,65,"{""header_presente"": 1, ""nav_itens"": 15, ""main_presente"": 1, ""footer_presente"": 1, ""carousel_imagens"": 0, ""carousel_sem_alt"": 0}"
https://marca.com,75,9,0.0,1,0,0,1,0,0,"{""header_presente"": 1, ""nav_itens"": 8, ""main_presente"": 1, ""footer_presente"": 1, ""carousel_imagens"": 0, ""carousel_sem_alt"": 0, ""form_campos"": 4}"
https://ipinfo.io,65,0,0.0,1,0,1,1,1,20,"{""header_presente"": 1, ""nav_itens"": 7, ""footer_presente"": 1, ""form_campos"": 1}"
https://kleinanzeigen.de,95,23,0.0,1,1,2,1,0,0,"{""header_presente"": 1, ""nav_itens"": 2, ""main_presente"": 1, ""footer_presente"": 1, ""form_campos"": 13}"
https://as.com,75,3,0.0,1,0,0,1,0,0,"{""header_presente"": 1, ""nav_itens"": 17, ""main_presente"": 1, ""footer_presente"": 1}"
https://google.ca,85,10,0.0,1,0,2,1,0,0,"{""header_presente"": 1, ""form_campos"": 9}"
https://surfshark.com,75,0,0.0,1,0,1,1,0,2,"{""header_presente"": 1, ""nav_itens"": 11, ""main_presente"": 1, ""footer_presente"": 1}"
https://gsmarena.com,55,19,0.0,1,0,2,1,0,16,"{""header_presente"": 1, ""nav_itens"": 10, ""main_presente"": 1, ""footer_presente"": 1, ""form_campos"": 2}"
https://sonobi.com,75,17,0.0,1,2,0,1,0,6,"{""header_presente"": 1, ""nav_itens"": 10, ""main_presente"": 1, ""footer_presente"": 1, ""carousel_imagens"": 17, ""carousel_sem_alt"": 0}"
https://youronlinechoices.com,70,1,0.0,0,0,0,0,0,0,"{""main_presente"": 1, ""footer_presente"": 1}"
https://theconversation.com,55,2,0.0,0,18,3,1,0,0,"{""header_presente"": 1, ""nav_itens"": 0, ""main_presente"": 1, ""footer_presente"": 1, ""form_campos"": 1}"
https://poki.com,75,0,0.0,1,1,0,0,0,0,"{""header_presente"": 1, ""nav_itens"": 1, ""main_presente"": 1, ""footer_presente"": 1}"
https://google.es,85,10,0.0,1,0,2,1,0,0,"{""header_presente"": 1, ""form_campos"": 9}"
https://coursera.org,80,29,0.0,1,0,1,1,0,0,"{""header_presente"": 1, ""nav_itens"": 8, ""main_presente"": 1, ""footer_presente"": 1, ""form_campos"": 1}"
https://ubi.com,85,15,0.0,1,0,0,1,0,5,"{""header_presente"": 1, ""main_presente"": 1, ""footer_presente"": 1, ""carousel_imagens"": 8, ""carousel_sem_alt"": 8}"
https://idnes.cz,65,32,0.0,1,37,2,0,0,6,"{""nav_itens"": 3, ""main_presente"": 1, ""footer_presente"": 1, ""form_campos"": 2}"
https://rapid7.com,80,0,0.0,1,1,0,1,0,5,"{""header_presente"": 1, ""nav_itens"": 0, ""main_presente"": 1, ""footer_presente"": 1}"
https://pusher.com,75,49,0.0,1,0,3,1,0,15,"{""footer_presente"": 1}"
https://apple.news,95,0,0.0,1,0,0,0,0,12,"{""footer_presente"": 1}"
https://vivo.com,85,2,0.0,1,0,2,1,2,0,"{""header_presente"": 1, ""nav_itens"": 6, ""main_presente"": 1, ""footer_presente"": 1}"
https://wayground.com,70,42,0.0,1,0,1,1,0,6,"{""header_presente"": 1, ""nav_itens"": 213, ""main_presente"": 1, ""footer_presente"": 1, ""carousel_imagens"": 0, ""carousel_sem_alt"": 0, ""form_campos"": 1}"
https://tnaflix.com,80,0,0.0,1,2,3,1,0,194,"{""header_presente"": 1, ""nav_itens"": 7, ""main_presente"": 1, ""footer_presente"": 1, ""form_campos"": 1}"
https://biomedcentral.com,95,0,0.0,1,0,0,1,0,0,"{""header_presente"": 1, ""nav_itens"": 4, ""main_presente"": 1, ""footer_presente"": 1, ""form_campos"": 2}"
https://finn.no,100,0,0.0,1,0,1,1,0,0,"{""header_presente"": 1, ""nav_itens"": 1, ""main_presente"": 1, ""footer_presente"": 1, ""form_campos"": 1}"
https://franceinfo.fr,65,308,0.0,1,0,2,1,0,87,"{""header_presente"": 1, ""nav_itens"": 15, ""main_presente"": 1, ""footer_presente"": 1, ""carousel_imagens"": 0, ""carousel_sem_alt"": 0, ""form_campos"": 1}"
https://lanacion.com.ar,60,1,0.0,1,0,0,1,15,0,"{""header_presente"": 1, ""nav_itens"": 6, ""main_presente"": 1, ""footer_presente"": 1}"
https://dafont.com,60,20,0.0,0,0,1,0,0,8,"{""form_campos"": 2}"
https://notion.so,90,16,0.0,1,0,13,1,7,0,"{""header_presente"": 1, ""nav_itens"": 38, ""main_presente"": 1, ""footer_presente"": 1, ""carousel_imagens"": 4, ""carousel_sem_alt"": 0, ""form_campos"": 13}"
https://yandex.by,85,2,0.0,1,0,1,1,0,3,"{""main_presente"": 1, ""form_campos"": 4}"
https://trello.com,95,3,0.0,1,1,3,1,1,0,"{""header_presente"": 1, ""nav_itens"": 6, ""main_presente"": 1, ""footer_presente"": 1, ""form_campos"": 1}"
https://aftonbladet.se,85,23,0.0,1,0,0,1,0,1,"{""header_presente"": 1, ""nav_itens"": 9, ""main_presente"": 1, ""footer_presente"": 1}"
https://xhamster.desi,65,0,0.0,1,0,3,1,0,5,"{""header_presente"": 1, ""nav_itens"": 44, ""main_presente"": 1, ""footer_presente"": 1, ""form_campos"": 1}"
https://furaffinity.net,75,121,0.0,1,0,1,0,1,37,"{""header_presente"": 1, ""nav_itens"": 29, ""main_presente"": 1, ""footer_presente"": 1, ""form_campos"": 1}"
https://tabelog.com,70,3,0.0798722044728434,1,0,3,0,0,30,"{""header_presente"": 1, ""nav_itens"": 0, ""main_presente"": 1, ""footer_presente"": 1, ""form_campos"": 11}"
https://ox.ac.uk,90,1,0.0,1,0,0,0,0,0,"{""header_presente"": 1, ""nav_itens"": 26, ""main_presente"": 1, ""footer_presente"": 1, ""carousel_imagens"": 3, ""carousel_sem_alt"": 0, ""form_campos"": 4}"
https://youporn.com,75,0,0.0,0,2,6,0,0,3,"{""header_presente"": 1, ""nav_itens"": 33, ""main_presente"": 1, ""footer_presente"": 1, ""carousel_imagens"": 0, ""carousel_sem_alt"": 0, ""form_campos"": 1}"
https://tabor.ru,70,1,0.0,1,0,7,0,0,11,"{""header_presente"": 1, ""nav_itens"": 9, ""footer_presente"": 1, ""carousel_imagens"": 0, ""carousel_sem_alt"": 0, ""form_campos"": 7}"
https://olx.pl,75,22,0.0,0,0,2,1,0,9,"{""header_presente"": 1, ""footer_presente"": 1, ""form_campos"": 2}"
https://savefrom.net,80,3,0.0,1,0,1,1,1,5,"{""header_presente"": 1, ""nav_itens"": 7, ""main_presente"": 1, ""footer_presente"": 1, ""form_campos"": 4}"
https://jimdo.com,95,51,0.0,1,0,0,1,0,0,"{""header_presente"": 1, ""nav_itens"": 38, ""main_presente"": 1, ""footer_presente"": 1, ""carousel_imagens"": 0, ""carousel_sem_alt"": 0}"
https://elconfidencial.com,45,14,0.0,1,2,3,0,0,25,"{""header_presente"": 1, ""nav_itens"": 101, ""main_presente"": 1, ""footer_presente"": 1, ""form_campos"": 1}"
https://rule34.xxx,75,0,0.0,1,0,1,0,0,0,"{""form_campos"": 2}"
https://beget.ru,65,0,0.0,0,0,0,0,0,23,{}
https://pornpics.com,65,0,0.0,1,0,3,1,0,183,"{""header_presente"": 1, ""nav_itens"": 61, ""main_presente"": 1, ""footer_presente"": 1, ""form_campos"": 1}"
https://remove.bg,75,3,0.0,1,0,2,0,0,3,"{""main_presente"": 1, ""footer_presente"": 1}"
https://cookpad.com,70,1,0.0,1,0,0,1,0,5,{}
https://faphouse.com,70,250,0.0,1,1,8,0,154,4,"{""header_presente"": 1, ""nav_itens"": 110, ""main_presente"": 1, ""footer_presente"": 1, ""carousel_imagens"": 30, ""carousel_sem_alt"": 0, ""form_campos"": 1}"
https://plos.org,90,0,0.0,1,1,0,1,0,0,"{""header_presente"": 1, ""nav_itens"": 53, ""main_presente"": 1, ""footer_presente"": 1, ""form_campos"": 2}"
https://vg.no,80,189,0.0,1,0,2,1,0,1,"{""header_presente"": 1, ""nav_itens"": 6, ""main_presente"": 1, ""footer_presente"": 1, ""form_campos"": 1}"
https://digikala.com,70,1,0.0,1,0,0,0,0,0,{}
https://rightmove.co.uk,80,1,0.0,1,0,1,1,0,0,"{""header_presente"": 1, ""nav_itens"": 39, ""main_presente"": 1}"
https://yale.edu,95,6,0.0,1,0,3,1,0,0,"{""header_presente"": 1, ""nav_itens"": 4, ""main_presente"": 1, ""footer_presente"": 1, ""carousel_imagens"": 5, ""carousel_sem_alt"": 3, ""form_campos"": 1}"
https://lichess.org,70,16,0.0,1,0,1,1,0,9,"{""header_presente"": 1, ""nav_itens"": 36, ""main_presente"": 1, ""carousel_imagens"": 11, ""carousel_sem_alt"": 7, ""form_campos"": 2}"
https://tradplusad.com,55,48,0.0,1,1,0,1,1,1,"{""header_presente"": 1, ""nav_itens"": 21, ""main_presente"": 1, ""footer_presente"": 1}"
https://riotgames.com,75,56,0.0,1,0,0,0,0,1,"{""header_presente"": 1, ""nav_itens"": 12, ""main_presente"": 1, ""footer_presente"": 1, ""carousel_imagens"": 4, ""carousel_sem_alt"": 2}"
https://gofundme.com,100,10,0.0,1,0,0,1,0,0,"{""header_presente"": 1, ""nav_itens"": 28, ""main_presente"": 1, ""footer_presente"": 1, ""carousel_imagens"": 0, ""carousel_sem_alt"": 0}"
https://itmedia.co.jp,80,1,0.0,1,0,0,0,0,5,"{""nav_itens"": 0}"
https://apa.org,75,0,0.0,0,0,0,0,0,0,{}
https://mundodeportivo.com,60,17,0.0,1,0,2,1,0,13,"{""header_presente"": 1, ""nav_itens"": 123, ""main_presente"": 1, ""footer_presente"": 1, ""carousel_imagens"": 20, ""carousel_sem_alt"": 0, ""form_campos"": 1}"
https://cnnbrasil.com.br,60,1,0.0,1,0,2,1,0,12,"{""header_presente"": 1, ""nav_itens"": 28, ""main_presente"": 1, ""footer_presente"": 1, ""carousel_imagens"": 0, ""carousel_sem_alt"": 0, ""form_campos"": 1}"
https://odoo.com,80,49,0.0,1,2,1,1,1,1,"{""header_presente"": 1, ""nav_itens"": 141, ""main_presente"": 1, ""footer_presente"": 1}"
https://yimg.com,80,0,0.0,0,0,0,0,0,0,{}
https://divar.ir,85,0,0.0,1,0,1,1,0,0,"{""header_presente"": 1, ""footer_presente"": 1}"
https://ixl.com,65,22,1.25,1,1,3,1,0,27,"{""header_presente"": 1, ""nav_itens"": 9, ""main_presente"": 1, ""footer_presente"": 1, ""carousel_imagens"": 0, ""carousel_sem_alt"": 0, ""form_campos"": 2}"
https://abc.net.au,80,3,0.0,1,0,0,1,0,0,"{""header_presente"": 1, ""nav_itens"": 19, ""main_presente"": 1, ""footer_presente"": 1, ""carousel_imagens"": 0, ""carousel_sem_alt"": 0}"
https://acesso.gov.br,65,0,0.0,1,0,0,0,0,2,{}
https://ynet.co.il,45,72,0.0,1,0,0,1,0,206,"{""header_presente"": 1, ""nav_itens"": 15, ""main_presente"": 1, ""footer_presente"": 1}"
https://argos.co.uk,85,0,0.0,1,4,0,1,0,0,"{""header_presente"": 1, ""nav_itens"": 865, ""main_presente"": 1, ""footer_presente"": 1, ""carousel_imagens"": 0, ""carousel_sem_alt"": 0, ""form_campos"": 1}"
https://txnhh.com,80,0,0.0,1,0,1,0,0,0,"{""header_presente"": 1, ""nav_itens"": 3, ""main_presente"": 1, ""footer_presente"": 1, ""form_campos"": 1}"
https://zdnet.com,90,0,0.0,1,0,1,1,0,0,"{""header_presente"": 1, ""nav_itens"": 248, ""main_presente"": 1, ""footer_presente"": 1}"
https://gazzetta.it,45,24,0.0,1,0,7,1,0,7,"{""header_presente"": 1, ""nav_itens"": 8, ""main_presente"": 1, ""footer_presente"": 1, ""carousel_imagens"": 11, ""carousel_sem_alt"": 0, ""form_campos"": 1}"
https://psu.edu,70,0,0.0,1,0,0,1,1,0,"{""nav_itens"": 84, ""main_presente"": 1}"
https://evotor.ru,65,47,0.0,1,0,11,0,0,9,"{""header_presente"": 1, ""nav_itens"": 49, ""main_presente"": 1, ""footer_presente"": 1, ""carousel_imagens"": 0, ""carousel_sem_alt"": 0, ""form_campos"": 1}"
https://cdiscount.com,60,0,0.0,0,0,0,1,0,48,"{""header_presente"": 1}"
https://wisc.edu,100,0,0.0,1,0,0,1,0,0,"{""header_presente"": 1, ""nav_itens"": 6, ""main_presente"": 1, ""footer_presente"": 1, ""form_campos"": 1}"
https://actu.fr,70,7,0.0,1,0,1,1,0,4,"{""header_presente"": 1, ""nav_itens"": 16, ""main_presente"": 1, ""footer_presente"": 1, ""form_campos"": 1}"
https://tgju.org,60,1,0.0,1,3,21,1,0,135,"{""header_presente"": 1, ""nav_itens"": 12, ""main_presente"": 1, ""footer_presente"": 1, ""carousel_imagens"": 15, ""carousel_sem_alt"": 0}"
https://jd.com,60,0,0.0,0,0,0,0,0,60,"{""footer_presente"": 1}"
https://upenn.edu,80,2,0.0,1,0,0,1,1,0,"{""header_presente"": 1, ""nav_itens"": 39, ""main_presente"": 1, ""footer_presente"": 1, ""form_campos"": 1}"
https://wordwall.net,70,31,0.0,1,0,0,0,0,34,"{""header_presente"": 1, ""footer_presente"": 1}"
https://superhosting.bg,70,0,0.0,1,1,12,1,0,9,"{""header_presente"": 1, ""main_presente"": 1, ""footer_presente"": 1, ""carousel_imagens"": 0, ""carousel_sem_alt"": 0, ""form_campos"": 4}"
https://redtube.com,85,0,0.0,1,1,6,0,0,8,"{""header_presente"": 1, ""nav_itens"": 6, ""main_presente"": 1, ""footer_presente"": 1, ""carousel_imagens"": 0, ""carousel_sem_alt"": 0, ""form_campos"": 1}"
https://wpguardian.com,80,8,0.0,1,11,0,1,1,4,"{""header_presente"": 1, ""nav_itens"": 5, ""main_presente"": 1, ""footer_presente"": 1, ""carousel_imagens"": 9, ""carousel_sem_alt"": 3, ""form_campos"": 29}"
https://singular.net,75,72,0.0,1,0,1,1,1,16,"{""header_presente"": 1, ""nav_itens"": 94, ""main_presente"": 1, ""footer_presente"": 1, ""carousel_imagens"": 1, ""carousel_sem_alt"": 1, ""form_campos"": 1}"
https://eepurl.com,80,0,0.0,0,0,0,0,0,5,{}
https://jstor.org,95,6,0.0,1,0,0,1,0,0,"{""header_presente"": 1, ""main_presente"": 1, ""footer_presente"": 1, ""carousel_imagens"": 0, ""carousel_sem_alt"": 0, ""form_campos"": 0}"
https://wpguardian.io,80,8,0.0,1,11,0,1,1,4,"{""header_presente"": 1, ""nav_itens"": 5, ""main_presente"": 1, ""footer_presente"": 1, ""carousel_imagens"": 9, ""carousel_sem_alt"": 3, ""form_campos"": 29}"
https://livedoor.com,80,1,0.0,1,0,0,0,0,20,"{""header_presente"": 1, ""footer_presente"": 1, ""form_campos"": 2}"
https://su89-cdn.net,90,0,0.0,1,0,0,0,0,12,"{""header_presente"": 1, ""nav_itens"": 15, ""main_presente"": 1, ""footer_presente"": 1}"
https://cricbuzz.com,85,0,0.0,1,1,0,0,0,0,"{""header_presente"": 1, ""main_presente"": 1, ""footer_presente"": 1}"
https://livescore.com,75,0,0.0,1,1,1,0,0,0,"{""header_presente"": 1, ""main_presente"": 1, ""footer_presente"": 1}"
https://hotpepper.jp,75,4,0.0,1,0,1,0,0,1,"{""main_presente"": 1, ""footer_presente"": 1}"
https://lc.chat,95,56,0.0,1,0,4,1,1,0,"{""header_presente"": 1, ""nav_itens"": 39, ""main_presente"": 1, ""footer_presente"": 1, ""form_campos"": 4}"
https://naukri.com,85,0,0.0,1,0,0,0,0,0,{}
https://akismet.com,100,26,0.0,1,0,1,1,1,0,"{""header_presente"": 1, ""nav_itens"": 4, ""main_presente"": 1, ""footer_presente"": 1, ""form_campos"": 6}"
https://wikihow.com,45,241,0.0,1,1,5,1,0,63,"{""header_presente"": 1, ""nav_itens"": 14, ""main_presente"": 1, ""footer_presente"": 1, ""carousel_imagens"": 0, ""carousel_sem_alt"": 0, ""form_campos"": 1}"
https://marktplaats.nl,85,0,0.0,1,1,2,1,0,0,"{""header_presente"": 1, ""nav_itens"": 6, ""main_presente"": 1, ""footer_presente"": 1, ""form_campos"": 4}"
https://excite.co.jp,80,0,0.0,1,0,1,1,0,13,"{""header_presente"": 1, ""nav_itens"": 24, ""main_presente"": 1, ""footer_presente"": 1, ""form_campos"": 1}"
https://miro.com,75,199,0.0,1,4,0,1,12,0,"{""header_presente"": 1, ""nav_itens"": 74, ""main_presente"": 1, ""footer_presente"": 1}"
https://turkiye.gov.tr,85,28,0.0,1,0,0,1,0,9,"{""header_presente"": 1, ""nav_itens"": 5, ""footer_presente"": 1, ""carousel_imagens"": 6, ""carousel_sem_alt"": 6, ""form_campos"": 2}"
https://calculator.net,85,0,0.0,1,0,1,0,0,0,"{""header_presente"": 1, ""main_presente"": 1, ""footer_presente"": 1, ""form_campos"": 1}"
https://google.co.in,85,10,0.0,1,0,2,1,0,0,"{""header_presente"": 1, ""form_campos"": 9}"
https://bilibili.tv,70,0,0.0,1,0,0,0,0,4,"{""header_presente"": 1, ""main_presente"": 1}"
https://wetter.com,50,0,0.0,1,1,2,1,0,1,"{""header_presente"": 1, ""nav_itens"": 196, ""main_presente"": 1, ""footer_presente"": 1, ""carousel_imagens"": 3, ""carousel_sem_alt"": 0, ""form_campos"": 1}"
https://torob.com,80,0,0.0,1,0,2,0,0,9,"{""header_presente"": 1, ""nav_itens"": 1503, ""main_presente"": 1, ""footer_presente"": 1, ""form_campos"": 2}"
https://ultradns.com,70,2,0.0,1,1,0,1,0,1,"{""header_presente"": 1, ""nav_itens"": 88, ""footer_presente"": 1, ""form_campos"": 3}"
https://umn.edu,95,1,0.0,1,0,0,1,0,0,"{""header_presente"": 1, ""nav_itens"": 4, ""main_presente"": 1, ""footer_presente"": 1, ""form_campos"": 1}"
https://spamhaus.org,85,0,0.0,1,0,1,0,0,0,"{""header_presente"": 1, ""main_presente"": 1, ""footer_presente"": 1, ""form_campos"": 1}"
https://dantri.com.vn,65,1,0.0,1,1,1,1,0,5,"{""header_presente"": 1, ""nav_itens"": 238, ""main_presente"": 1, ""footer_presente"": 1}"
https://nps.gov,90,5,0.0,1,0,2,1,0,0,"{""header_presente"": 1, ""nav_itens"": 0, ""footer_presente"": 1, ""form_campos"": 3}"
https://dlsite.com,80,0,0.0,1,14,42,0,0,9,"{""header_presente"": 1, ""nav_itens"": 1, ""main_presente"": 1, ""footer_presente"": 1, ""carousel_imagens"": 0, ""carousel_sem_alt"": 0, ""form_campos"": 8}"
https://cam4.com,70,62,0.0,1,0,2,0,0,9,"{""header_presente"": 1, ""main_presente"": 1, ""footer_presente"": 1}"
https://dw.com,80,0,0.0,0,0,0,0,0,0,{}
https://ertelecom.ru,80,0,0.0,0,0,0,0,0,1,{}
https://thisvid.com,60,0,0.0,1,0,1,0,0,78,"{""header_presente"": 1, ""nav_itens"": 2, ""main_presente"": 1, ""footer_presente"": 1, ""form_campos"": 1}"
https://youjizz.com,50,28,0.0,0,0,27,1,1,0,"{""header_presente"": 1, ""nav_itens"": 10, ""main_presente"": 1, ""footer_presente"": 1, ""form_campos"": 1}"
https://videy.co,75,0,0.0,0,0,1,0,0,0,"{""main_presente"": 1, ""footer_presente"": 1, ""form_campos"": 1}"
https://nintendo.com,100,117,0.0,1,0,2,1,0,0,"{""header_presente"": 1, ""nav_itens"": 25, ""main_presente"": 1, ""footer_presente"": 1, ""form_campos"": 3}"
https://varzesh3.com,60,51,0.0,1,0,22,1,0,78,"{""header_presente"": 1, ""footer_presente"": 1, ""form_campos"": 1}"
https://e621.net,60,7,0.0,0,0,1,1,0,0,"{""nav_itens"": 16, ""footer_presente"": 1, ""form_campos"": 1}"
https://jagran.com,95,5,0.0,1,0,46,0,0,0,"{""header_presente"": 1, ""main_presente"": 1, ""form_campos"": 1}"
https://aznude.com,70,38,0.0,1,1,2,0,0,1,"{""header_presente"": 1, ""nav_itens"": 76, ""footer_presente"": 1, ""carousel_imagens"": 20, ""carousel_sem_alt"": 0, ""form_campos"": 1}"
https://starfall.com,100,1,0.0,1,0,0,1,0,0,"{""header_presente"": 1, ""nav_itens"": 17, ""main_presente"": 1, ""footer_presente"": 1, ""form_campos"": 1}"
https://gcash.com,60,67,0.0,0,5,0,1,0,10,"{""header_presente"": 1, ""nav_itens"": 67, ""main_presente"": 1, ""footer_presente"": 1, ""carousel_imagens"": 3, ""carousel_sem_alt"": 3}"
https://cloudflare.com,60,0,0.0,1,8,0,1,0,0,"{""header_presente"": 1, ""nav_itens"": 1, ""main_presente"": 1, ""footer_presente"": 1, ""carousel_imagens"": 10, ""carousel_sem_alt"": 0}"
https://googlesyndication.com,85,10,0.0,1,0,2,1,0,0,"{""header_presente"": 1, ""form_campos"": 9}"
https://roblox.com,75,0,0.0,1,0,0,0,0,0,"{""footer_presente"": 1}"
https://spotify.com,85,0,0.0,1,0,0,0,0,0,{}
https://google-analytics.com,90,0,0.0,1,0,0,1,0,0,"{""header_presente"": 1, ""nav_itens"": 4, ""main_presente"": 1, ""footer_presente"": 1, ""carousel_imagens"": 0, ""carousel_sem_alt"": 0}"
https://googledomains.com,90,1,0.0,1,0,0,1,0,0,"{""header_presente"": 1, ""nav_itens"": 0, ""main_presente"": 1, ""footer_presente"": 1}"
https://mozilla.org,95,7,0.0,1,0,0,1,0,0,"{""header_presente"": 1, ""nav_itens"": 20, ""main_presente"": 1, ""footer_presente"": 1}"
https://blogspot.com,95,0,0.0,1,0,1,1,0,6,"{""header_presente"": 1, ""main_presente"": 1, ""footer_presente"": 1}"
https://sentry.io,85,62,0.0,1,0,1,1,0,0,"{""header_presente"": 1, ""nav_itens"": 47, ""footer_presente"": 1, ""carousel_imagens"": 48, ""carousel_sem_alt"": 24, ""form_campos"": 4}"
https://discord.gg,80,149,0.0,1,0,0,1,6,1,"{""header_presente"": 1, ""nav_itens"": 9, ""main_presente"": 1, ""footer_presente"": 1}"
https://nih.gov,85,0,0.0,1,0,0,1,0,0,"{""header_presente"": 1, ""nav_itens"": 55, ""main_presente"": 1, ""footer_presente"": 1, ""form_campos"": 3}"
https://pki.goog,75,0,0.0,1,1,0,1,0,13,"{""header_presente"": 1, ""nav_itens"": 6, ""main_presente"": 1, ""footer_presente"": 1}"
https://medium.com,80,0,0.0,1,0,0,0,0,0,{}
https://casalemedia.com,90,19,0.0,1,0,1,1,0,0,"{""header_presente"": 1, ""nav_itens"": 51, ""main_presente"": 1, ""footer_presente"": 1, ""carousel_imagens"": 0, ""carousel_sem_alt"": 0, ""form_campos"": 1}"
https://miui.com,70,46,0.0,0,28,0,0,0,29,"{""nav_itens"": 7, ""main_presente"": 1}"
https://discord.com,80,149,0.0,1,0,0,1,6,1,"{""header_presente"": 1, ""nav_itens"": 9, ""main_presente"": 1, ""footer_presente"": 1}"
https://lencr.org,85,1,0.0,1,1,0,1,0,0,"{""header_presente"": 1, ""nav_itens"": 17, ""main_presente"": 1, ""footer_presente"": 1}"
https://creativecommons.org,100,0,0.0,1,0,2,0,0,0,"{""header_presente"": 1, ""nav_itens"": 5, ""main_presente"": 1, ""footer_presente"": 1, ""form_campos"": 3}"
https://gmail.com,100,0,0.0,1,0,3,1,0,0,"{""header_presente"": 1, ""main_presente"": 1, ""footer_presente"": 1, ""form_campos"": 8}"
https://hubspot.com,85,15,0.0,1,0,2,1,0,7,"{""header_presente"": 1, ""nav_itens"": 14, ""main_presente"": 1, ""footer_presente"": 1, ""carousel_imagens"": 5, ""carousel_sem_alt"": 0}"
https://googleblog.com,95,29,0.0,1,0,3,1,0,7,"{""header_presente"": 1, ""nav_itens"": 109, ""main_presente"": 1, ""footer_presente"": 1, ""carousel_imagens"": 0, ""carousel_sem_alt"": 0, ""form_campos"": 1}"
https://harvard.edu,95,2,0.0,1,0,0,1,0,11,"{""header_presente"": 1, ""nav_itens"": 1, ""main_presente"": 1, ""footer_presente"": 1}"
https://appsflyer.com,45,20,0.0,1,0,0,1,0,3,"{""header_presente"": 1, ""nav_itens"": 89, ""main_presente"": 1, ""footer_presente"": 1, ""carousel_imagens"": 6, ""carousel_sem_alt"": 6}"
https://ivi.ru,60,23,0.0,1,0,0,0,0,8,"{""header_presente"": 1, ""nav_itens"": 79, ""main_presente"": 1, ""footer_presente"": 1, ""carousel_imagens"": 8, ""carousel_sem_alt"": 2}"
https://slack.com,85,16,0.0,1,0,0,1,19,0,"{""header_presente"": 1, ""nav_itens"": 72, ""main_presente"": 1, ""footer_presente"": 1}"
https://wiley.com,70,0,0.0,1,2,1,1,1,0,"{""header_presente"": 1, ""nav_itens"": 7, ""footer_presente"": 1, ""carousel_imagens"": 0, ""carousel_sem_alt"": 0, ""form_campos"": 1}"
https://uol.com.br,30,3,0.0,1,1,2,1,0,58,"{""header_presente"": 1, ""nav_itens"": 327, ""main_presente"": 1, ""footer_presente"": 1, ""carousel_imagens"": 3, ""carousel_sem_alt"": 0, ""form_campos"": 1}"
https://nasa.gov,85,21,0.0,1,0,2,1,2,0,"{""header_presente"": 1, ""nav_itens"": 24, ""main_presente"": 1, ""footer_presente"": 1, ""carousel_imagens"": 0, ""carousel_sem_alt"": 0, ""form_campos"": 1}"
https://aol.com,30,1,0.0,1,1,4,1,0,1,"{""header_presente"": 1, ""nav_itens"": 0, ""main_presente"": 1, ""footer_presente"": 1, ""form_campos"": 5}"
https://plesk.com,75,32,0.0,1,1,0,1,0,27,"{""header_presente"": 1, ""nav_itens"": 82, ""main_presente"": 1, ""footer_presente"": 1}"
https://independent.co.uk,80,32,0.0,1,0,0,1,0,32,"{""header_presente"": 1, ""nav_itens"": 37, ""main_presente"": 1, ""footer_presente"": 1, ""form_campos"": 1}"
https://ngenix.net,75,2,0.0,1,0,29,1,0,40,"{""header_presente"": 1, ""nav_itens"": 20, ""main_presente"": 1, ""footer_presente"": 1, ""carousel_imagens"": 7, ""carousel_sem_alt"": 0, ""form_campos"": 1}"
https://appcenter.ms,95,0,0.0,1,0,0,0,0,0,"{""header_presente"": 1, ""nav_itens"": 3, ""main_presente"": 1, ""footer_presente"": 1}"
https://google.com.br,85,10,0.0,1,0,2,1,0,0,"{""header_presente"": 1, ""form_campos"": 9}"
https://yahoo.co.jp,80,1,0.0,1,0,1,1,0,9,"{""header_presente"": 1, ""nav_itens"": 38, ""main_presente"": 1, ""footer_presente"": 1, ""form_campos"": 5}"
https://line.me,85,33,0.0,1,0,0,0,0,4,"{""header_presente"": 1, ""main_presente"": 1, ""footer_presente"": 1}"
https://zendesk.com,95,70,0.0,1,1,1,1,0,0,"{""header_presente"": 1, ""nav_itens"": 2, ""main_presente"": 1, ""footer_presente"": 1, ""carousel_imagens"": 45, ""carousel_sem_alt"": 27, ""form_campos"": 2}"
https://firefox.com,100,2,0.0,1,0,0,1,0,0,"{""header_presente"": 1, ""nav_itens"": 33, ""main_presente"": 1, ""footer_presente"": 1}"
https://google.co.uk,85,10,0.0,1,0,2,1,0,0,"{""header_presente"": 1, ""form_campos"": 9}"
https://scribd.com,70,69,0.0,1,0,2,1,0,0,"{""header_presente"": 1, ""nav_itens"": 0, ""main_presente"": 1, ""footer_presente"": 1, ""carousel_imagens"": 0, ""carousel_sem_alt"": 0, ""form_campos"": 1}"
https://blogger.com,95,0,0.0,1,0,1,1,0,6,"{""header_presente"": 1, ""main_presente"": 1, ""footer_presente"": 1}"
https://ietf.org,95,5,0.0,1,1,3,1,0,0,"{""header_presente"": 1, ""nav_itens"": 117, ""main_presente"": 1, ""footer_presente"": 1, ""form_campos"": 1}"
https://sina.com.cn,40,51,0.0,0,0,11,0,0,86,"{""header_presente"": 1, ""nav_itens"": 4, ""main_presente"": 1, ""footer_presente"": 1, ""form_campos"": 3}"
https://wix.com,90,19,0.0,1,0,2,1,12,0,"{""header_presente"": 1, ""nav_itens"": 35, ""main_presente"": 1, ""footer_presente"": 1}"
https://timeweb.ru,75,2,0.0,1,1,1,0,0,0,"{""header_presente"": 1, ""nav_itens"": 4, ""main_presente"": 1, ""footer_presente"": 1, ""carousel_imagens"": 0, ""carousel_sem_alt"": 0, ""form_campos"": 1}"
https://rutube.ru,60,2,0.0,1,0,1,1,0,4,"{""header_presente"": 1, ""nav_itens"": 16, ""main_presente"": 1, ""carousel_imagens"": 12, ""carousel_sem_alt"": 0, ""form_campos"": 1}"
https://eset.com,80,6,0.3448275862068966,1,5,3,1,0,0,"{""header_presente"": 1, ""nav_itens"": 115, ""main_presente"": 1, ""footer_presente"": 1}"
https://target.com,75,46,0.0,1,0,2,1,0,0,"{""header_presente"": 1, ""main_presente"": 1, ""form_campos"": 2}"
https://squarespace.com,100,50,0.0,1,0,1,1,10,0,"{""header_presente"": 1, ""nav_itens"": 0, ""main_presente"": 1, ""footer_presente"": 1, ""carousel_imagens"": 3, ""carousel_sem_alt"": 3, ""form_campos"": 1}"
https://buzzfeed.com,45,0,0.0,1,0,0,1,1,1,"{""header_presente"": 1, ""nav_itens"": 13, ""main_presente"": 1, ""footer_presente"": 1}"
https://g.co,90,0,0.0,1,0,0,0,0,0,"{""header_presente"": 1, ""footer_presente"": 1}"
https://onetrust.com,80,2,0.0,1,2,2,1,0,1,"{""header_presente"": 1, ""nav_itens"": 45, ""main_presente"": 1, ""footer_presente"": 1, ""carousel_imagens"": 0, ""carousel_sem_alt"": 0, ""form_campos"": 1}"
https://ca.gov,100,0,0.0,1,0,2,1,0,0,"{""header_presente"": 1, ""nav_itens"": 4, ""main_presente"": 1, ""footer_presente"": 1, ""form_campos"": 1}"
https://substack.com,70,1,0.0,1,0,0,1,0,52,"{""nav_itens"": 6}"
https://cbsnews.com,55,6,0.0,1,0,0,1,1,0,"{""header_presente"": 1, ""nav_itens"": 77, ""main_presente"": 1, ""footer_presente"": 1}"
https://techcrunch.com,80,22,0.0,1,1,1,1,0,0,"{""header_presente"": 1, ""nav_itens"": 8, ""main_presente"": 1, ""footer_presente"": 1, ""carousel_imagens"": 10, ""carousel_sem_alt"": 1, ""form_campos"": 1}"
https://wp.pl,85,201,0.0,1,0,1,1,0,0,"{""header_presente"": 1, ""nav_itens"": 0, ""main_presente"": 1, ""footer_presente"": 1, ""form_campos"": 1}"
https://withgoogle.com,85,10,0.0,1,0,2,1,0,0,"{""header_presente"": 1, ""form_campos"": 9}"
https://box.com,75,60,0.0,1,3,1,1,0,0,"{""header_presente"": 1, ""nav_itens"": 69, ""main_presente"": 1, ""footer_presente"": 1, ""carousel_imagens"": 0, ""carousel_sem_alt"": 0}"
https://bitrix24.ru,85,1,0.0,1,0,1,0,8,9,"{""header_presente"": 1, ""main_presente"": 1, ""footer_presente"": 1, ""carousel_imagens"": 6, ""carousel_sem_alt"": 0, ""form_campos"": 2}"
https://livejournal.com,60,7,0.0,1,1,7,1,0,100,"{""header_presente"": 1, ""nav_itens"": 6, ""main_presente"": 1, ""footer_presente"": 1, ""form_campos"": 3}"
https://google.cn,90,0,0.0,1,0,0,0,0,0,{}
https://onet.pl,65,16,0.0,1,0,1,0,0,10,"{""header_presente"": 1, ""nav_itens"": 108, ""main_presente"": 1, ""footer_presente"": 1, ""form_campos"": 1}"
https://nbcnews.com,40,16,0.0,1,0,0,1,0,3,"{""header_presente"": 1, ""nav_itens"": 103, ""main_presente"": 1, ""footer_presente"": 1, ""form_campos"": 1}"
https://nikkei.com,70,33,0.0,1,0,1,1,0,1,"{""header_presente"": 1, ""nav_itens"": 2, ""main_presente"": 1, ""footer_presente"": 1, ""form_campos"": 1}"
https://synology.com,85,4,0.0,1,0,3,1,0,0,"{""nav_itens"": 0, ""main_presente"": 1, ""footer_presente"": 1, ""carousel_imagens"": 0, ""carousel_sem_alt"": 0}"
https://agoda.com,85,0,0.0,1,0,0,0,0,5,"{""header_presente"": 1, ""footer_presente"": 1}"
https://readthedocs.io,90,0,0.0,1,0,0,0,0,12,"{""header_presente"": 1, ""main_presente"": 1, ""footer_presente"": 1}"
https://sportradar.com,70,52,0.0,1,5,0,1,1,7,"{""header_presente"": 1, ""nav_itens"": 65, ""footer_presente"": 1, ""carousel_imagens"": 24, ""carousel_sem_alt"": 8, ""form_campos"": 28}"
https://cloudinary.com,70,2,0.6493506493506493,1,3,0,1,1,2,"{""header_presente"": 1, ""nav_itens"": 92, ""main_presente"": 1, ""footer_presente"": 1, ""carousel_imagens"": 0, ""carousel_sem_alt"": 0}"
https://whitehouse.gov,85,7,0.0,1,0,2,1,0,0,"{""header_presente"": 1, ""nav_itens"": 38, ""main_presente"": 1, ""footer_presente"": 1, ""carousel_imagens"": 3, ""carousel_sem_alt"": 0, ""form_campos"": 1}"
https://smartthings.com,85,27,0.0,1,0,2,1,0,0,"{""header_presente"": 1, ""nav_itens"": 201, ""main_presente"": 1, ""footer_presente"": 1, ""carousel_imagens"": 4, ""carousel_sem_alt"": 4, ""form_campos"": 8}"
https://huffpost.com,75,97,0.0,1,0,1,1,0,25,"{""header_presente"": 1, ""nav_itens"": 51, ""main_presente"": 1, ""footer_presente"": 1, ""form_campos"": 2}"
https://chaturbate.com,50,3,0.0,1,0,0,1,0,16,"{""header_presente"": 1, ""nav_itens"": 16, ""main_presente"": 1, ""footer_presente"": 1, ""form_campos"": 4}"
https://richaudience.com,75,2,0.0,1,1,5,0,0,51,"{""header_presente"": 1, ""nav_itens"": 13, ""footer_presente"": 1, ""form_campos"": 9}"
https://frontiersin.org,100,0,0.0,1,0,1,0,0,0,"{""header_presente"": 1, ""nav_itens"": 55, ""main_presente"": 1, ""footer_presente"": 1, ""form_campos"": 3}"
https://google.co.jp,85,10,0.0,1,0,2,1,0,0,"{""header_presente"": 1, ""form_campos"": 9}"
https://pixiv.net,80,1,0.0,1,0,0,0,0,5,"{""header_presente"": 1, ""footer_presente"": 1, ""form_campos"": 6}"
https://ancestry.com,90,0,0.0,1,0,0,1,0,0,"{""header_presente"": 1, ""nav_itens"": 9, ""main_presente"": 1, ""footer_presente"": 1}"
https://zoom.com,65,58,0.0,1,1,0,1,0,3,"{""header_presente"": 1, ""nav_itens"": 107, ""main_presente"": 1, ""footer_presente"": 1, ""carousel_imagens"": 0, ""carousel_sem_alt"": 0}"
https://abovedomains.com,85,0,0.0,0,0,0,0,0,0,{}
https://ilovepdf.com,90,0,0.0,1,0,0,1,0,2,"{""header_presente"": 1, ""nav_itens"": 87, ""main_presente"": 1, ""footer_presente"": 1}"
https://trendyol.com,75,0,0.0,1,0,0,0,0,2,{}
https://n-tv.de,75,38,0.0,1,0,3,1,0,72,"{""header_presente"": 1, ""nav_itens"": 318, ""main_presente"": 1, ""footer_presente"": 1, ""carousel_imagens"": 10, ""carousel_sem_alt"": 0, ""form_campos"": 4}"
https://1c.ru,60,1,0.0,1,1,0,0,1,3,"{""header_presente"": 1, ""nav_itens"": 9, ""main_presente"": 1, ""footer_presente"": 1, ""carousel_imagens"": 10, ""carousel_sem_alt"": 0}"
https://flashscore.com,60,3,0.0,1,2,0,1,0,278,"{""header_presente"": 1, ""nav_itens"": 43, ""main_presente"": 1, ""footer_presente"": 1}"
https://lequipe.fr,70,24,0.0,1,0,1,1,0,129,"{""header_presente"": 1, ""nav_itens"": 19, ""main_presente"": 1, ""footer_presente"": 1}"
https://namu.wiki,60,20,0.0,1,0,1,0,0,102,"{""main_presente"": 1, ""footer_presente"": 1, ""form_campos"": 1}"
https://hurriyet.com.tr,75,4,0.0,1,0,1,0,0,6,"{""header_presente"": 1, ""main_presente"": 1, ""footer_presente"": 1, ""carousel_imagens"": 0, ""carousel_sem_alt"": 0}"
https://ladepeche.fr,60,21,0.0,1,0,8,1,0,101,"{""header_presente"": 1, ""nav_itens"": 6, ""main_presente"": 1, ""footer_presente"": 1, ""carousel_imagens"": 9, ""carousel_sem_alt"": 0, ""form_campos"": 1}"
https://xhamster2.com,70,0,0.0,1,0,3,1,0,5,"{""header_presente"": 1, ""nav_itens"": 44, ""main_presente"": 1, ""footer_presente"": 1, ""form_campos"": 1}"
https://xhaccess.com,65,0,0.0,1,0,3,1,0,5,"{""header_presente"": 1, ""nav_itens"": 44, ""main_presente"": 1, ""footer_presente"": 1, ""form_campos"": 1}"
https://eu.com,75,4,0.0,1,0,2,1,0,0,"{""header_presente"": 1, ""nav_itens"": 5, ""main_presente"": 1, ""footer_presente"": 1, ""carousel_imagens"": 16, ""carousel_sem_alt"": 0}"
https://xhamster19.com,65,0,0.0,1,0,3,1,0,5,"{""header_presente"": 1, ""nav_itens"": 44, ""main_presente"": 1, ""footer_presente"": 1, ""form_campos"": 1}"
https://litnet.com,30,109,0.0,1,1,1,1,0,78,"{""header_presente"": 1, ""nav_itens"": 7, ""main_presente"": 1, ""footer_presente"": 1, ""form_campos"": 1}"
https://cardgames.io,85,2,0.0,1,0,10,0,0,48,"{""header_presente"": 1, ""nav_itens"": 3, ""main_presente"": 1, ""footer_presente"": 1}"
https://imhentai.xxx,60,20,0.0,1,1,3,0,1,1,"{""header_presente"": 1, ""nav_itens"": 22, ""footer_presente"": 1, ""carousel_imagens"": 0, ""carousel_sem_alt"": 0, ""form_campos"": 19}"
https://hulu.com,90,4,0.0,1,2,1,1,6,0,"{""nav_itens"": 1, ""main_presente"": 1, ""footer_presente"": 1, ""carousel_imagens"": 12, ""carousel_sem_alt"": 0}"
https://hianime.to,70,2,0.0,1,1,1,0,0,4,"{""header_presente"": 1, ""nav_itens"": 5, ""footer_presente"": 1, ""form_campos"": 1}"
https://hitomi.la,70,3,0.0,0,0,2,0,0,204,"{""header_presente"": 1, ""nav_itens"": 5}"
https://youtu.be,95,0,0.0,1,0,1,0,0,0,"{""nav_itens"": 0}"
https://dnsmadeeasy.com,80,6,0.0,1,0,0,1,0,9,"{""header_presente"": 1, ""nav_itens"": 43, ""main_presente"": 1, ""footer_presente"": 1, ""form_campos"": 1}"
https://usatoday.com,55,40,0.0,1,0,1,0,1,1,"{""header_presente"": 1, ""nav_itens"": 41, ""main_presente"": 1, ""footer_presente"": 1, ""form_campos"": 1}"
https://avito.ru,85,2,0.0,1,0,1,1,0,0,"{""header_presente"": 1, ""nav_itens"": 6, ""main_presente"": 1, ""footer_presente"": 1, ""carousel_imagens"": 2, ""carousel_sem_alt"": 0}"
https://people.com,85,0,0.0,1,0,0,1,0,0,"{""header_presente"": 1, ""nav_itens"": 59, ""main_presente"": 1, ""footer_presente"": 1, ""carousel_imagens"": 0, ""carousel_sem_alt"": 0, ""form_campos"": 1}"
https://mlb.com,50,0,0.0,1,0,0,1,0,0,"{""header_presente"": 1, ""nav_itens"": 57, ""main_presente"": 1, ""footer_presente"": 1, ""carousel_imagens"": 0, ""carousel_sem_alt"": 0}"
https://no-ip.com,55,6,0.0,1,3,0,1,0,24,"{""header_presente"": 1, ""nav_itens"": 66, ""main_presente"": 1, ""footer_presente"": 1, ""form_campos"": 2}"
https://unrulymedia.com,60,0,0.0,0,0,0,0,0,1,{}
https://sedo.com,80,0,0.0,1,2,0,1,0,0,"{""header_presente"": 1, ""main_presente"": 1}"
https://rambler.ru,50,10,0.0,1,0,1,1,0,91,"{""header_presente"": 1, ""nav_itens"": 19, ""main_presente"": 1, ""footer_presente"": 1, ""form_campos"": 1}"
https://fortune.com,95,0,0.0,1,0,0,0,0,0,"{""header_presente"": 1, ""nav_itens"": 49, ""main_presente"": 1, ""footer_presente"": 1}"
https://india.com,70,1,0.0,1,1,1,0,0,0,"{""header_presente"": 1, ""nav_itens"": 9, ""main_presente"": 1, ""form_campos"": 5}"
https://merkur.de,70,3,0.0,1,6,0,1,0,6,"{""header_presente"": 1, ""nav_itens"": 27, ""footer_presente"": 1, ""form_campos"": 6}"
https://funpay.com,65,25,0.0,1,0,2,1,0,3579,"{""header_presente"": 1, ""nav_itens"": 13, ""main_presente"": 1, ""footer_presente"": 1, ""form_campos"": 1}"
https://emag.ro,70,0,0.0,1,0,4,1,0,51,"{""nav_itens"": 6, ""main_presente"": 1, ""footer_presente"": 1, ""carousel_imagens"": 0, ""carousel_sem_alt"": 0, ""form_campos"": 2}"
https://simpli.fi,70,10,0.0,0,1,4,1,0,2,"{""nav_itens"": 40, ""main_presente"": 1, ""footer_presente"": 1, ""form_campos"": 1}"
https://woxh.world,70,0,0.0,1,0,3,1,0,5,"{""header_presente"": 1, ""nav_itens"": 44, ""main_presente"": 1, ""footer_presente"": 1, ""form_campos"": 1}"
https://pornhat.com,55,1,0.0,1,0,1,1,0,10,"{""header_presente"": 1, ""nav_itens"": 14, ""footer_presente"": 1, ""form_campos"": 1}"
https://xhopen.com,70,0,0.0,1,0,3,1,0,5,"{""header_presente"": 1, ""nav_itens"": 44, ""main_presente"": 1, ""footer_presente"": 1, ""form_campos"": 1}"
https://newyorker.com,70,5,0.0,1,1,0,1,0,3,"{""header_presente"": 1, ""nav_itens"": 1, ""main_presente"": 1, ""footer_presente"": 1}"
https://asuracomic.net,70,59,0.0,1,0,1,1,0,162,"{""header_presente"": 1, ""main_presente"": 1, ""footer_presente"": 1, ""carousel_imagens"": 51, ""carousel_sem_alt"": 0}"
https://xnxx.tv,80,0,0.0,1,0,1,0,0,0,"{""header_presente"": 1, ""nav_itens"": 3, ""main_presente"": 1, ""footer_presente"": 1, ""form_campos"": 1}"
https://simpcity.cr,70,0,0.0,1,0,1,1,1,98,"{""header_presente"": 1, ""nav_itens"": 13, ""main_presente"": 1, ""footer_presente"": 1, ""form_campos"": 1}"
https://xvv1deos.com,65,48,0.0,1,0,2,0,0,60,"{""header_presente"": 1, ""nav_itens"": 78, ""main_presente"": 1, ""footer_presente"": 1, ""form_campos"": 1}"
https://e-hentai.org,65,0,0.0,1,0,3,0,0,4,"{""nav_itens"": 3, ""form_campos"": 4}"
https://kemono.cr,75,0,0.0,0,0,0,0,0,6,{}
https://ixxx.com,90,0,0.0,1,0,3,1,0,0,"{""header_presente"": 1, ""nav_itens"": 25, ""main_presente"": 1, ""footer_presente"": 1, ""form_campos"": 1}"
https://sex-studentki.team,45,12,0.0,0,0,1,0,0,5,"{""header_presente"": 1, ""main_presente"": 1, ""footer_presente"": 1}"
https://xhamster1.desi,65,0,0.0,1,0,3,1,0,5,"{""header_presente"": 1, ""nav_itens"": 44, ""main_presente"": 1, ""footer_presente"": 1, ""form_campos"": 1}"
https://sexvid.xxx,75,2,0.0,1,0,1,0,0,6,"{""header_presente"": 1, ""nav_itens"": 10, ""main_presente"": 1, ""footer_presente"": 1, ""form_campos"": 1}"
https://dagbladet.no,85,25,0.0,1,0,1,1,31,0,"{""header_presente"": 1, ""nav_itens"": 50, ""main_presente"": 1, ""footer_presente"": 1, ""form_campos"": 1}"
https://boardgamearena.com,75,14,0.0,1,0,1,0,0,10,"{""nav_itens"": 0, ""main_presente"": 1, ""footer_presente"": 1}"
https://xxxbp.tv,95,0,0.0,1,0,2,0,0,0,"{""header_presente"": 1, ""nav_itens"": 75, ""main_presente"": 1, ""footer_presente"": 1, ""form_campos"": 1}"
https://pornhub.org,70,0,0.0,1,1,3,1,4,1,"{""header_presente"": 1, ""nav_itens"": 4, ""main_presente"": 1, ""footer_presente"": 1, ""form_campos"": 7}"
https://statuspage.io,65,1,0.0,1,6,1,1,0,0,"{""header_presente"": 1, ""nav_itens"": 12, ""main_presente"": 1, ""footer_presente"": 1, ""form_campos"": 1}"
https://ucla.edu,80,45,0.0,1,1,1,1,0,0,"{""header_presente"": 1, ""nav_itens"": 82, ""main_presente"": 1, ""footer_presente"": 1, ""carousel_imagens"": 3, ""carousel_sem_alt"": 0}"
https://avira.com,65,11,0.0,1,3,3,1,1,15,"{""header_presente"": 1, ""nav_itens"": 52, ""main_presente"": 1, ""footer_presente"": 1, ""carousel_imagens"": 3, ""carousel_sem_alt"": 0, ""form_campos"": 6}"
https://nsone.net,70,0,0.0,1,0,0,0,0,0,{}
https://nikkansports.com,40,1,0.0,1,2,3,1,0,6,"{""header_presente"": 1, ""nav_itens"": 5, ""main_presente"": 1, ""footer_presente"": 1, ""form_campos"": 2}"
https://meb.gov.tr,55,52,0.0,1,2,2,0,0,4,"{""header_presente"": 1, ""nav_itens"": 5, ""main_presente"": 1, ""footer_presente"": 1, ""carousel_imagens"": 20, ""carousel_sem_alt"": 0, ""form_campos"": 0}"
https://bookmark.xxx,70,38,0.0,1,1,2,0,0,0,"{""header_presente"": 1, ""nav_itens"": 11, ""main_presente"": 1, ""footer_presente"": 1, ""form_campos"": 1}"
https://game8.jp,60,300,0.0,1,0,0,0,0,321,"{""header_presente"": 1, ""nav_itens"": 4, ""footer_presente"": 1}"
https://irs.gov,80,5,0.0,1,0,0,1,0,0,"{""header_presente"": 1, ""nav_itens"": 7, ""main_presente"": 1, ""footer_presente"": 1, ""carousel_imagens"": 4, ""carousel_sem_alt"": 0, ""form_campos"": 3}"
https://va.gov,95,2,0.0,1,0,0,1,0,1,"{""header_presente"": 1, ""nav_itens"": 1, ""main_presente"": 1, ""footer_presente"": 1}"
https://iltalehti.fi,85,5,0.0,1,0,0,0,0,29,"{""header_presente"": 1, ""nav_itens"": 17, ""main_presente"": 1, ""footer_presente"": 1}"
https://syosetu.com,65,11,0.0,1,0,2,0,0,315,"{""header_presente"": 1, ""nav_itens"": 4, ""main_presente"": 1, ""footer_presente"": 1, ""carousel_imagens"": 6, ""carousel_sem_alt"": 0, ""form_campos"": 2}"
https://bato.to,50,113,0.0,0,0,1,0,0,44,"{""header_presente"": 1, ""nav_itens"": 4, ""main_presente"": 1, ""footer_presente"": 1, ""form_campos"": 1}"
https://otomoto.pl,50,0,0.0,1,11,6,1,0,1,"{""header_presente"": 1, ""nav_itens"": 3, ""main_presente"": 1, ""footer_presente"": 1, ""form_campos"": 7}"
https://youm7.com,75,0,0.0,1,2,6,0,0,23,"{""header_presente"": 1, ""nav_itens"": 28, ""main_presente"": 1, ""footer_presente"": 1, ""carousel_imagens"": 2, ""carousel_sem_alt"": 0, ""form_campos"": 1}"
https://24h.com.vn,55,57,0.0,1,0,1,0,0,73,"{""header_presente"": 1, ""nav_itens"": 11, ""main_presente"": 1, ""footer_presente"": 1}"
https://index.hr,40,28,0.0,1,0,3,1,2,14,"{""header_presente"": 1, ""nav_itens"": 26, ""main_presente"": 1, ""footer_presente"": 1, ""carousel_imagens"": 0, ""carousel_sem_alt"": 0, ""form_campos"": 1}"
https://jutarnji.hr,60,3,0.0,1,0,1,1,0,57,"{""header_presente"": 1, ""nav_itens"": 91, ""main_presente"": 1, ""footer_presente"": 1, ""carousel_imagens"": 16, ""carousel_sem_alt"": 0, ""form_campos"": 2}"
https://khabaronline.ir,30,2,0.0,1,37,1,1,0,1,"{""header_presente"": 1, ""nav_itens"": 132, ""main_presente"": 1, ""footer_presente"": 1, ""form_campos"": 1}"
https://nosv.org,60,38,0.0,1,1,1,0,0,11,"{""nav_itens"": 1, ""main_presente"": 1, ""footer_presente"": 1, ""form_campos"": 2}"
https://tori.fi,100,0,0.0,1,0,1,1,0,0,"{""header_presente"": 1, ""nav_itens"": 1, ""main_presente"": 1, ""footer_presente"": 1, ""form_campos"": 1}"
https://carsensor.net,40,5,0.0,1,0,2,0,0,0,"{""header_presente"": 1, ""nav_itens"": 7, ""main_presente"": 1, ""footer_presente"": 1, ""carousel_imagens"": 10, ""carousel_sem_alt"": 0, ""form_campos"": 1}"
https://beboo.ru,80,1,0.0,1,0,10,0,0,11,"{""header_presente"": 1, ""main_presente"": 1, ""footer_presente"": 1, ""form_campos"": 13}"
https://superporn.com,65,0,0.0,1,0,1,1,0,56,"{""header_presente"": 1, ""nav_itens"": 58, ""footer_presente"": 1, ""carousel_imagens"": 0, ""carousel_sem_alt"": 0}"
https://fmkorea.com,55,1,0.0,1,1,6,0,0,5,"{""header_presente"": 1, ""nav_itens"": 105, ""main_presente"": 1, ""footer_presente"": 1, ""form_campos"": 1}"
https://gelbooru.com,80,0,0.0,0,0,1,0,0,1,"{""form_campos"": 2}"
https://ekstrabladet.dk,70,66,0.0,1,0,2,1,5,20,"{""header_presente"": 1, ""nav_itens"": 5, ""main_presente"": 1, ""footer_presente"": 1, ""form_campos"": 1}"
https://xnxx.health,85,1,0.0,1,0,1,0,0,0,"{""header_presente"": 1, ""nav_itens"": 7, ""main_presente"": 1, ""footer_presente"": 1, ""form_campos"": 1}"
https://ssstik.io,95,8,0.0,1,0,1,1,0,0,"{""header_presente"": 1, ""nav_itens"": 0, ""main_presente"": 1, ""footer_presente"": 1, ""form_campos"": 2}"
https://imagefap.com,60,138,0.0,0,0,10,0,0,88,"{""form_campos"": 5}"
https://filmweb.pl,45,103,0.0,1,0,1,0,0,47,"{""header_presente"": 1, ""nav_itens"": 9, ""main_presente"": 1, ""footer_presente"": 1, ""form_campos"": 1}"
https://3bmeteo.com,65,10,0.0,1,2,1,1,0,5,"{""header_presente"": 1, ""nav_itens"": 75, ""main_presente"": 1, ""footer_presente"": 1, ""carousel_imagens"": 0, ""carousel_sem_alt"": 0, ""form_campos"": 2}"
https://betway.co.za,70,0,0.0,0,0,0,0,0,8,{}
https://websitewelcome.com,85,0,0.0,0,0,0,0,0,0,{}
https://snaptik.app,80,0,0.0,1,0,1,1,0,1,"{""nav_itens"": 25, ""main_presente"": 1, ""footer_presente"": 1, ""form_campos"": 3}"
https://fapello.com,65,26,0.0,1,0,11,1,0,35,"{""header_presente"": 1, ""main_presente"": 1, ""form_campos"": 1}"
https://pussyspace.com,75,0,0.0,1,0,1,1,0,26,"{""header_presente"": 1, ""nav_itens"": 8, ""main_presente"": 1, ""footer_presente"": 1, ""form_campos"": 2}"
https://aniwatchtv.to,75,0,0.0,1,1,1,0,0,4,"{""header_presente"": 1, ""nav_itens"": 5, ""footer_presente"": 1, ""form_campos"": 1}"
https://xbato.com,50,113,0.0,0,0,1,0,0,44,"{""header_presente"": 1, ""nav_itens"": 4, ""main_presente"": 1, ""footer_presente"": 1, ""form_campos"": 1}"
https://liteapks.com,75,8,0.0,1,1,1,0,0,23,"{""header_presente"": 1, ""nav_itens"": 4, ""main_presente"": 1, ""footer_presente"": 1, ""form_campos"": 1}"
https://inven.co.kr,55,218,0.0,1,1,1,1,0,162,"{""header_presente"": 1, ""nav_itens"": 42, ""main_presente"": 1, ""form_campos"": 1}"
https://hamsterix.today,65,0,0.0,1,0,3,1,0,5,"{""header_presente"": 1, ""nav_itens"": 44, ""main_presente"": 1, ""footer_presente"": 1, ""form_campos"": 1}"
https://docker.io,75,3,0.0,1,7,0,1,0,1,"{""header_presente"": 1, ""nav_itens"": 3, ""main_presente"": 1, ""footer_presente"": 1, ""form_campos"": 1}"
https://fuq.com,90,0,0.0,1,0,3,1,0,0,"{""header_presente"": 1, ""nav_itens"": 25, ""main_presente"": 1, ""footer_presente"": 1, ""form_campos"": 1}"
https://motherless.com,55,198,0.0,1,0,2,1,1,2,"{""header_presente"": 1, ""nav_itens"": 2, ""main_presente"": 1, ""footer_presente"": 1, ""carousel_imagens"": 0, ""carousel_sem_alt"": 0, ""form_campos"": 1}"
https://testbook.com,60,1,0.0,1,3,1,1,0,27,"{""header_presente"": 1, ""nav_itens"": 4, ""main_presente"": 1, ""footer_presente"": 1, ""carousel_imagens"": 6, ""carousel_sem_alt"": 0, ""form_campos"": 1}"
https://cafef.vn,75,0,0.0,1,0,3,0,0,39,"{""header_presente"": 1, ""nav_itens"": 29, ""main_presente"": 1, ""footer_presente"": 1}"
https://uci.edu,100,1,0.0,1,0,0,1,0,0,"{""header_presente"": 1, ""nav_itens"": 3, ""main_presente"": 1, ""footer_presente"": 1, ""form_campos"": 2}"
https://xvideos2.com,65,48,0.0,1,0,2,0,0,60,"{""header_presente"": 1, ""nav_itens"": 78, ""main_presente"": 1, ""footer_presente"": 1, ""form_campos"": 1}"
https://porn300.com,80,0,0.0,1,0,2,1,0,15,"{""header_presente"": 1, ""nav_itens"": 7, ""main_presente"": 1, ""footer_presente"": 1, ""form_campos"": 2}"
https://njuskalo.hr,85,71,0.0,1,0,0,1,0,0,"{""header_presente"": 1, ""nav_itens"": 25, ""main_presente"": 1, ""footer_presente"": 1, ""carousel_imagens"": 5, ""carousel_sem_alt"": 0, ""form_campos"": 1}"
https://xvideos.es,65,48,0.0,1,0,2,0,0,60,"{""header_presente"": 1, ""nav_itens"": 78, ""main_presente"": 1, ""footer_presente"": 1, ""form_campos"": 1}"
https://kompoz2.com,75,0,0.0,1,0,1,0,0,3,"{""nav_itens"": 2, ""form_campos"": 1}"
https://xnxx.es,80,0,0.0,1,0,1,0,0,0,"{""header_presente"": 1, ""nav_itens"": 3, ""main_presente"": 1, ""footer_presente"": 1, ""form_campos"": 1}"
https://bato.si,60,18,0.0,1,1,4,0,0,186,"{""header_presente"": 1, ""main_presente"": 1, ""footer_presente"": 1}"
https://hdtube.porn,80,2,0.0,1,0,1,0,0,2,"{""header_presente"": 1, ""nav_itens"": 32, ""main_presente"": 1, ""footer_presente"": 1, ""form_campos"": 1}"
https://fastdl.app,95,0,0.0,1,0,0,0,0,0,"{""header_presente"": 1, ""nav_itens"": 25, ""main_presente"": 1, ""footer_presente"": 1, ""form_campos"": 1}"
https://xvideos3.com,65,48,0.0,1,0,2,0,0,60,"{""header_presente"": 1, ""nav_itens"": 78, ""main_presente"": 1, ""footer_presente"": 1, ""form_campos"": 1}"
https://redwap.sex,85,1,0.0,1,0,1,0,0,0,"{""header_presente"": 1, ""nav_itens"": 7, ""main_presente"": 1, ""footer_presente"": 1, ""form_campos"": 6}"
https://messenger.com,80,1,0.0,0,0,0,0,0,0,{}
https://novelbin.com,65,0,0.0,0,0,3,1,0,106,"{""header_presente"": 1, ""nav_itens"": 59, ""main_presente"": 1, ""footer_presente"": 1, ""form_campos"": 8}"
https://123av.com,65,2,0.0,1,0,3,0,0,1,"{""header_presente"": 1, ""nav_itens"": 48, ""footer_presente"": 1, ""form_campos"": 1}"
https://xhspot.com,70,0,0.0,1,0,3,1,0,5,"{""header_presente"": 1, ""nav_itens"": 44, ""main_presente"": 1, ""footer_presente"": 1, ""form_campos"": 1}"
https://prokerala.com,45,17,0.0,0,1,1,1,0,5,"{""header_presente"": 1, ""nav_itens"": 0, ""main_presente"": 1, ""footer_presente"": 1, ""carousel_imagens"": 10, ""carousel_sem_alt"": 0, ""form_campos"": 1}"
https://ntp.br,50,5,4.411764705882353,0,0,0,1,0,15,"{""header_presente"": 1, ""nav_itens"": 18, ""main_presente"": 1, ""footer_presente"": 1, ""carousel_imagens"": 2, ""carousel_sem_alt"": 0}"
https://livehindustan.com,55,22,0.0,1,0,1,0,0,48,"{""header_presente"": 1, ""nav_itens"": 36, ""main_presente"": 1, ""footer_presente"": 1, ""form_campos"": 2}"
